s,kW,kW,kW,kW,kW,kW,kW,kW,kW,kW,kg/s,kg/s,kg/s,Pa
Time,HRR,HRR_OX,Q_RADI,Q_CONV,Q_COND,Q_DIFF,Q_PRES,Q_PART,Q_ENTH,Q_TOTAL,MLR_AIR,MLR_PROPANE,MLR_PRODUCTS,ZONE_1
 0.0000000E+000, 0.0000000E+000, 0.0000000E+000,-9.2824160E-004,-2.2257342E-007, 0.0000000E+000, 0.0000000E+000, 0.0000000E+000, 0.0000000E+000, 0.0000000E+000,-9.2846417E-004, 0.0000000E+000, 0.0000000E+000, 0.0000000E+000,-1.1758868E+000
 1.0306330E+000, 6.1205890E-001, 0.0000000E+000,-1.5125423E-002,-2.3916987E-004,-2.8450959E-004,-1.3670562E-004, 1.9392436E-001, 0.0000000E+000, 4.9246257E-001, 7.9019745E-001, 0.0000000E+000, 4.3992000E-005, 0.0000000E+000,-2.3470965E-001
 2.0612659E+000, 2.6279909E+000, 0.0000000E+000,-2.0703700E-001,-7.5296667E-004,-4.7940591E-003,-3.5810729E-004, 9.0381968E-001, 0.0000000E+000, 2.8492729E+000, 3.3188685E+000, 0.0000000E+000, 1.1731200E-004, 0.0000000E+000, 5.1757741E+000
 3.0918989E+000, 4.4620786E+000, 0.0000000E+000,-6.6421316E-001,-1.1336693E-003,-1.6286925E-002,-5.8947956E-004, 1.5068921E+000, 0.0000000E+000, 5.0970433E+000, 5.2867474E+000, 0.0000000E+000, 1.8916560E-004, 0.0000000E+000, 1.4850509E+001
 4.1225319E+000, 5.1758015E+000, 0.0000000E+000,-1.4753322E+000,-1.3388054E-003,-2.3495031E-002,-8.2177724E-004, 1.5118791E+000, 0.0000000E+000, 5.2202452E+000, 5.1866928E+000, 0.0000000E+000, 2.6028600E-004, 0.0000000E+000, 2.4801373E+001
 5.0696125E+000, 6.2522139E+000, 0.0000000E+000,-1.5016296E+000,-1.6088663E-003,-2.4824080E-002,-1.0468448E-003, 1.8637395E+000, 0.0000000E+000, 6.1537823E+000, 6.5868439E+000, 0.0000000E+000, 3.3028488E-004, 0.0000000E+000, 3.5597862E+001
 6.0396781E+000, 7.7418561E+000, 0.0000000E+000,-1.3434157E+000,-2.0268589E-003,-2.4739205E-002,-1.2505396E-003, 2.5789314E+000, 0.0000000E+000, 8.7996752E+000, 8.9493552E+000, 0.0000000E+000, 3.9583007E-004, 0.0000000E+000, 5.1365956E+001
 7.0907507E+000, 9.2471174E+000, 0.0000000E+000,-1.8937596E+000,-2.4345653E-003,-3.8307907E-002,-1.4627273E-003, 2.9691120E+000, 0.0000000E+000, 1.0162995E+001, 1.0280265E+001, 0.0000000E+000, 4.6646238E-004, 0.0000000E+000, 7.1099871E+001
 8.0706434E+000, 1.0590840E+001, 0.0000000E+000,-2.5818629E+000,-2.7838092E-003,-1.4733789E-001,-1.6788913E-003, 3.2125467E+000, 0.0000000E+000, 1.1048099E+001, 1.1069724E+001, 0.0000000E+000, 5.3748217E-004, 0.0000000E+000, 9.1120133E+001
 9.0121727E+000, 1.1773750E+001, 0.0000000E+000,-3.0406729E+000,-3.1174781E-003,-2.4359741E-001,-1.8932356E-003, 3.4542953E+000, 0.0000000E+000, 1.1789420E+001, 1.1938765E+001, 0.0000000E+000, 6.0562320E-004, 0.0000000E+000, 1.1167582E+002
 1.0047855E+001, 1.3208780E+001, 0.0000000E+000,-3.3111267E+000,-3.4865344E-003,-3.3462553E-001,-2.1101572E-003, 3.8999855E+000, 0.0000000E+000, 1.3344670E+001, 1.3457417E+001, 0.0000000E+000, 6.7521055E-004, 0.0000000E+000, 1.3726628E+002
 1.1083538E+001, 1.4679562E+001, 0.0000000E+000,-3.6491175E+000,-3.8702529E-003,-4.3249932E-001,-2.3327230E-003, 4.3236620E+000, 0.0000000E+000, 1.4799316E+001, 1.4915404E+001, 0.0000000E+000, 7.4819727E-004, 0.0000000E+000, 1.6564595E+002
 1.2025067E+001, 1.6102496E+001, 0.0000000E+000,-4.0291266E+000,-4.2440750E-003,-5.2761144E-001,-2.5409071E-003, 4.7125004E+000, 0.0000000E+000, 1.6139585E+001, 1.6251473E+001, 0.0000000E+000, 8.1788460E-004, 0.0000000E+000, 1.9378048E+002
 1.3060750E+001, 1.7437939E+001, 0.0000000E+000,-4.4256462E+000,-4.5982710E-003,-6.3012340E-001,-2.7527061E-003, 5.0576253E+000, 0.0000000E+000, 1.7320950E+001, 1.7432444E+001, 0.0000000E+000, 8.8750527E-004, 0.0000000E+000, 2.2700459E+002
 1.4002279E+001, 1.8877440E+001, 0.0000000E+000,-4.7846376E+000,-4.9732754E-003,-7.4976271E-001,-2.9645744E-003, 5.4516247E+000, 0.0000000E+000, 1.8675801E+001, 1.8786726E+001, 0.0000000E+000, 9.5719260E-004, 0.0000000E+000, 2.5957111E+002
 1.5037961E+001, 2.0253015E+001, 0.0000000E+000,-5.0826992E+000,-5.3300723E-003,-8.7965032E-001,-3.1807525E-003, 5.8398275E+000, 0.0000000E+000, 2.0004993E+001, 2.0121982E+001, 0.0000000E+000, 1.0271465E-003, 0.0000000E+000, 2.9794728E+002
 1.6064190E+001, 2.1829846E+001, 0.0000000E+000,-5.5120804E+000,-5.7208040E-003,-1.0268988E+000,-3.3938402E-003, 6.2540443E+000, 0.0000000E+000, 2.1442998E+001, 2.1535797E+001, 0.0000000E+000, 1.0994972E-003, 0.0000000E+000, 3.3870547E+002
 1.7081001E+001, 2.3149690E+001, 0.0000000E+000,-5.8594260E+000,-6.0937736E-003,-1.1850949E+000,-3.6130647E-003, 6.5890535E+000, 0.0000000E+000, 2.2583614E+001, 2.2684516E+001, 0.0000000E+000, 1.1712870E-003, 0.0000000E+000, 3.8124905E+002
 1.8013077E+001, 2.4507415E+001, 0.0000000E+000,-6.2427074E+000,-6.4390922E-003,-1.3332021E+000,-3.8378326E-003, 6.9341384E+000, 0.0000000E+000, 2.3785148E+001, 2.3855367E+001, 0.0000000E+000, 1.2401078E-003, 0.0000000E+000, 4.2232425E+002
 1.9029886E+001, 2.5894678E+001, 0.0000000E+000,-6.9248738E+000,-6.7970653E-003,-1.4879572E+000,-4.0528813E-003, 7.1626311E+000, 0.0000000E+000, 2.4546125E+001, 2.4633628E+001, 0.0000000E+000, 1.3087620E-003, 0.0000000E+000, 4.6859416E+002
 2.0046698E+001, 2.7322974E+001, 0.0000000E+000,-7.1339472E+000,-7.1672358E-003,-1.6569577E+000,-4.2724837E-003, 7.5874276E+000, 0.0000000E+000, 2.5993840E+001, 2.6108057E+001, 0.0000000E+000, 1.3805545E-003, 0.0000000E+000, 5.1758521E+002
 2.1063507E+001, 2.8653082E+001, 0.0000000E+000,-7.4870326E+000,-7.5070904E-003,-1.8352680E+000,-4.4987207E-003, 7.9221462E+000, 0.0000000E+000, 2.7166339E+001, 2.7240922E+001, 0.0000000E+000, 1.4520415E-003, 0.0000000E+000, 5.6878512E+002
 2.2080318E+001, 3.0057353E+001, 0.0000000E+000,-7.6733312E+000,-7.8773931E-003,-2.0256617E+000,-4.7270181E-003, 8.3372928E+000, 0.0000000E+000, 2.8568835E+001, 2.8683048E+001, 0.0000000E+000, 1.5238340E-003, 0.0000000E+000, 6.2262983E+002
 2.3056337E+001, 3.1799373E+001, 0.0000000E+000,-8.1016485E+000,-8.2883235E-003,-2.2235922E+000,-4.9271217E-003, 8.7920287E+000, 0.0000000E+000, 3.0129378E+001, 3.0252945E+001, 0.0000000E+000, 1.5938640E-003, 0.0000000E+000, 6.7712956E+002
 2.4032358E+001, 3.3109784E+001, 0.0000000E+000,-8.6197630E+000,-8.6805241E-003,-2.4068775E+000,-5.1275266E-003, 9.0612825E+000, 0.0000000E+000, 3.1107115E+001, 3.1130618E+001, 0.0000000E+000, 1.6623900E-003, 0.0000000E+000, 7.3340352E+002
 2.5008377E+001, 3.4437786E+001, 0.0000000E+000,-9.3338370E+000,-9.0161894E-003,-2.5855227E+000,-5.3490877E-003, 9.2396596E+000, 0.0000000E+000, 3.1691766E+001, 3.1743720E+001, 0.0000000E+000, 1.7311980E-003, 0.0000000E+000, 7.9075691E+002
 2.6059475E+001, 3.5645648E+001, 0.0000000E+000,-9.8348833E+000,-9.3247967E-003,-2.7655728E+000,-5.5735350E-003, 9.4611150E+000, 0.0000000E+000, 3.2437684E+001, 3.2491408E+001, 0.0000000E+000, 1.8026246E-003, 0.0000000E+000, 8.5399973E+002
 2.7035496E+001, 3.7248434E+001, 0.0000000E+000,-9.6867899E+000,-9.7699090E-003,-2.9567866E+000,-5.7812642E-003, 1.0082511E+001, 0.0000000E+000, 3.4509767E+001, 3.4671818E+001, 0.0000000E+000, 1.8741720E-003, 0.0000000E+000, 9.1647502E+002
 2.8011515E+001, 3.8619335E+001, 0.0000000E+000,-1.0190352E+001,-1.0089027E-002,-3.1440821E+000,-6.0114345E-003, 1.0382435E+001, 0.0000000E+000, 3.5621355E+001, 3.5651236E+001, 0.0000000E+000, 1.9429800E-003, 0.0000000E+000, 9.8094869E+002
 2.9062614E+001, 4.0111618E+001, 0.0000000E+000,-1.0933135E+001,-1.0504477E-002,-3.3029506E+000,-6.2004309E-003, 1.0622395E+001, 0.0000000E+000, 3.6411999E+001, 3.6481222E+001, 0.0000000E+000, 2.0144670E-003, 0.0000000E+000, 1.0519430E+003
 3.0038633E+001, 4.1335104E+001, 0.0000000E+000,-1.1352483E+001,-1.0872588E-002,-3.5277141E+000,-6.4042991E-003, 1.0860938E+001, 0.0000000E+000, 3.7262026E+001, 3.7298568E+001, 0.0000000E+000, 2.0865614E-003, 0.0000000E+000, 1.1193870E+003
 3.1014654E+001, 4.3877978E+001, 0.0000000E+000,-1.1966112E+001,-1.1658329E-002,-3.7729266E+000,-6.8558417E-003, 1.1513192E+001, 0.0000000E+000, 3.9361053E+001, 3.9633617E+001, 0.0000000E+000, 2.2342860E-003, 0.0000000E+000, 1.1906344E+003
 3.2053997E+001, 4.8295848E+001, 0.0000000E+000,-1.3056828E+001,-1.2797670E-002,-4.1135633E+000,-7.5098142E-003, 1.2732828E+001, 0.0000000E+000, 4.3582868E+001, 4.3837977E+001, 0.0000000E+000, 2.4470017E-003, 0.0000000E+000, 1.2745953E+003
 3.3061764E+001, 5.2702189E+001, 0.0000000E+000,-1.4287117E+001,-1.3996114E-002,-4.4756501E+000,-8.1182771E-003, 1.3901121E+001, 0.0000000E+000, 4.7555375E+001, 4.7818429E+001, 0.0000000E+000, 2.6635464E-003, 0.0000000E+000, 1.3634809E+003
 3.4056091E+001, 5.6856151E+001, 0.0000000E+000,-1.5188846E+001,-1.5083338E-002,-4.6539662E+000,-8.7879278E-003, 1.5151358E+001, 0.0000000E+000, 5.1900327E+001, 5.2140826E+001, 0.0000000E+000, 2.8755997E-003, 0.0000000E+000, 1.4591191E+003
 3.5049885E+001, 6.1474676E+001, 0.0000000E+000,-1.6408181E+001,-1.6182855E-002,-4.9352275E+000,-9.3859862E-003, 1.6416156E+001, 0.0000000E+000, 5.6303339E+001, 5.6521855E+001, 0.0000000E+000, 3.0843149E-003, 0.0000000E+000, 1.5627373E+003
 3.6045834E+001, 6.5176740E+001, 0.0000000E+000,-1.7523648E+001,-1.7311358E-002,-5.4653354E+000,-9.9736751E-003, 1.7298176E+001, 0.0000000E+000, 5.9333682E+001, 5.9458647E+001, 0.0000000E+000, 3.2938540E-003, 0.0000000E+000, 1.6722714E+003
 3.7019653E+001, 6.9228108E+001, 0.0000000E+000,-1.8421228E+001,-1.8533551E-002,-6.0850995E+000,-1.0556690E-002, 1.8322304E+001, 0.0000000E+000, 6.2922224E+001, 6.3014994E+001, 0.0000000E+000, 3.5036561E-003, 0.0000000E+000, 1.7857557E+003
 3.8058125E+001, 7.3544795E+001, 0.0000000E+000,-2.0559681E+001,-1.9621525E-002,-6.4828894E+000,-1.1188047E-002, 1.9040356E+001, 0.0000000E+000, 6.5216413E+001, 6.5511771E+001, 0.0000000E+000, 3.7158805E-003, 0.0000000E+000, 1.9112857E+003
 3.9017879E+001, 7.8378217E+001, 0.0000000E+000,-2.0827288E+001,-2.0828646E-002,-7.0658708E+000,-1.1722030E-002, 2.0690181E+001, 0.0000000E+000, 7.1126830E+001, 7.1142689E+001, 0.0000000E+000, 3.9248754E-003, 0.0000000E+000, 2.0376726E+003
 4.0048145E+001, 8.1487365E+001, 0.0000000E+000,-2.2364816E+001,-2.1854418E-002,-7.6709372E+000,-1.2431365E-002, 2.1067417E+001, 0.0000000E+000, 7.2142184E+001, 7.2484743E+001, 0.0000000E+000, 4.1376074E-003, 0.0000000E+000, 2.1754601E+003
 4.1034267E+001, 8.6500600E+001, 0.0000000E+000,-2.3590035E+001,-2.3061267E-002,-8.3534529E+000,-1.3037341E-002, 2.2361317E+001, 0.0000000E+000, 7.6752814E+001, 7.6882330E+001, 0.0000000E+000, 4.3502730E-003, 0.0000000E+000, 2.3156852E+003
 4.2020390E+001, 8.9946895E+001, 0.0000000E+000,-2.4235022E+001,-2.4121483E-002,-8.9905487E+000,-1.3594871E-002, 2.3256206E+001, 0.0000000E+000, 7.9885364E+001, 7.9939815E+001, 0.0000000E+000, 4.5586240E-003, 0.0000000E+000, 2.4616142E+003
 4.3006516E+001, 9.5202421E+001, 0.0000000E+000,-2.6935312E+001,-2.5375192E-002,-9.6492727E+000,-1.4200350E-002, 2.4008052E+001, 0.0000000E+000, 8.2341148E+001, 8.2586312E+001, 0.0000000E+000, 4.7675860E-003, 0.0000000E+000, 2.6120367E+003
 4.4019783E+001, 9.8613921E+001, 0.0000000E+000,-2.6651853E+001,-2.6302595E-002,-1.0358589E+001,-1.4908724E-002, 2.5280273E+001, 0.0000000E+000, 8.6853327E+001, 8.6842541E+001, 0.0000000E+000, 4.9773574E-003, 0.0000000E+000, 2.7750961E+003
 4.5043079E+001, 1.0362446E+002, 0.0000000E+000,-2.8434909E+001,-2.7732655E-002,-1.0981264E+001,-1.5418840E-002, 2.6306908E+001, 0.0000000E+000, 9.0179124E+001, 9.0472044E+001, 0.0000000E+000, 5.1942659E-003, 0.0000000E+000, 2.9461205E+003
 4.6009212E+001, 1.0772181E+002, 0.0000000E+000,-2.9171210E+001,-2.8771262E-002,-1.1691130E+001,-1.6022218E-002, 2.7403430E+001, 0.0000000E+000, 9.4242387E+001, 9.4218108E+001, 0.0000000E+000, 5.4036033E-003, 0.0000000E+000, 3.1146622E+003
 4.7004971E+001, 1.1172555E+002, 0.0000000E+000,-3.1176220E+001,-3.0071458E-002,-1.2750379E+001,-1.6467216E-002, 2.7776666E+001, 0.0000000E+000, 9.5340706E+001, 9.5529076E+001, 0.0000000E+000, 5.6112808E-003, 0.0000000E+000, 3.2905026E+003
 4.8012722E+001, 1.1512600E+002, 0.0000000E+000,-3.2414630E+001,-3.1034736E-002,-1.3634083E+001,-1.7154263E-002, 2.8346558E+001, 0.0000000E+000, 9.7265774E+001, 9.7375658E+001, 0.0000000E+000, 5.8214592E-003, 0.0000000E+000, 3.4722107E+003
 4.9007053E+001, 1.2056967E+002, 0.0000000E+000,-3.3317029E+001,-3.2263158E-002,-1.4465741E+001,-1.7686818E-002, 2.9838364E+001, 0.0000000E+000, 1.0253147E+002, 1.0257531E+002, 0.0000000E+000, 6.0333062E-003, 0.0000000E+000, 3.6609953E+003
 5.0045544E+001, 1.2305746E+002, 0.0000000E+000,-3.5112684E+001,-3.3361401E-002,-1.5460089E+001,-1.8341469E-002, 2.9757180E+001, 0.0000000E+000, 1.0202961E+002, 1.0219017E+002, 0.0000000E+000, 6.2504430E-003, 0.0000000E+000, 3.8574806E+003
 5.1048870E+001, 1.2878526E+002, 0.0000000E+000,-3.6585244E+001,-3.4722254E-002,-1.6346420E+001,-1.8936513E-002, 3.1100683E+001, 0.0000000E+000, 1.0675162E+002, 1.0690062E+002, 0.0000000E+000, 6.4655550E-003, 0.0000000E+000, 4.0559117E+003
 5.2002029E+001, 1.3267735E+002, 0.0000000E+000,-3.7611527E+001,-3.5739204E-002,-1.7391665E+001,-1.9485176E-002, 3.1900845E+001, 0.0000000E+000, 1.0965778E+002, 1.0951978E+002, 0.0000000E+000, 6.6719122E-003, 0.0000000E+000, 4.2495688E+003
 5.3041111E+001, 1.3674312E+002, 0.0000000E+000,-3.9211470E+001,-3.7056427E-002,-1.8131822E+001,-2.0024780E-002, 3.2543557E+001, 0.0000000E+000, 1.1165216E+002, 1.1188630E+002, 0.0000000E+000, 6.8841397E-003, 0.0000000E+000, 4.4645137E+003
 5.4018623E+001, 1.4101260E+002, 0.0000000E+000,-3.9754304E+001,-3.8255111E-002,-1.9142675E+001,-2.0529069E-002, 3.3711125E+001, 0.0000000E+000, 1.1576513E+002, 1.1576797E+002, 0.0000000E+000, 7.0963689E-003, 0.0000000E+000, 4.6742173E+003
 5.5042686E+001, 1.4580927E+002, 0.0000000E+000,-4.2525542E+001,-3.9406238E-002,-2.0217865E+001,-2.1202112E-002, 3.4080825E+001, 0.0000000E+000, 1.1713641E+002, 1.1708608E+002, 0.0000000E+000, 7.3089016E-003, 0.0000000E+000, 4.8963762E+003
 5.6020199E+001, 1.4893174E+002, 0.0000000E+000,-4.1912466E+001,-4.0240776E-002,-2.1434580E+001,-2.1871661E-002, 3.5134468E+001, 0.0000000E+000, 1.2042287E+002, 1.2065705E+002, 0.0000000E+000, 7.5195300E-003, 0.0000000E+000, 5.1146945E+003
 5.7040535E+001, 1.5435752E+002, 0.0000000E+000,-4.5320239E+001,-4.1594947E-002,-2.2748569E+001,-2.2546878E-002, 3.5409382E+001, 0.0000000E+000, 1.2186963E+002, 1.2163396E+002, 0.0000000E+000, 7.7318453E-003, 0.0000000E+000, 5.3448925E+003
 5.8020256E+001, 1.5864771E+002, 0.0000000E+000,-4.6203668E+001,-4.2714792E-002,-2.3620920E+001,-2.3163349E-002, 3.6435044E+001, 0.0000000E+000, 1.2509440E+002, 1.2519229E+002, 0.0000000E+000, 7.9432980E-003, 0.0000000E+000, 5.5719376E+003
 5.9032654E+001, 1.6234318E+002, 0.0000000E+000,-4.7931251E+001,-4.4122020E-002,-2.5198878E+001,-2.3602329E-002, 3.6563397E+001, 0.0000000E+000, 1.2547403E+002, 1.2570872E+002, 0.0000000E+000, 8.1520790E-003, 0.0000000E+000, 5.8072436E+003
 6.0001762E+001, 1.6739397E+002, 0.0000000E+000,-4.9958490E+001,-4.5235718E-002,-2.6105840E+001,-2.4136719E-002, 3.7484697E+001, 0.0000000E+000, 1.2848642E+002, 1.2874496E+002, 0.0000000E+000, 8.3628970E-003, 0.0000000E+000, 6.0381365E+003
 6.1031116E+001, 1.7361584E+002, 0.0000000E+000,-5.2855770E+001,-4.7330177E-002,-2.7122532E+001,-2.4623150E-002, 3.8389874E+001, 0.0000000E+000, 1.3229448E+002, 1.3195546E+002, 0.0000000E+000, 8.6503918E-003, 0.0000000E+000, 6.2899962E+003
 6.2039566E+001, 1.8013736E+002, 0.0000000E+000,-5.3525337E+001,-4.8413430E-002,-2.8211748E+001,-2.6131614E-002, 4.0351789E+001, 0.0000000E+000, 1.3870764E+002, 1.3867752E+002, 0.0000000E+000, 9.0081822E-003, 0.0000000E+000, 6.5489700E+003
 6.3022827E+001, 1.8426922E+002, 0.0000000E+000,-5.6247781E+001,-5.0668487E-002,-3.0071847E+001,-2.6831323E-002, 4.0097315E+001, 0.0000000E+000, 1.3757676E+002, 1.3796941E+002, 0.0000000E+000, 9.3599092E-003, 0.0000000E+000, 6.7994014E+003
 6.4027603E+001, 1.9229764E+002, 0.0000000E+000,-5.7878255E+001,-5.2424726E-002,-3.1754940E+001,-2.7759766E-002, 4.2090213E+001, 0.0000000E+000, 1.4465638E+002, 1.4467447E+002, 0.0000000E+000, 9.7094289E-003, 0.0000000E+000, 7.0685221E+003
 6.5041359E+001, 2.0053956E+002, 0.0000000E+000,-6.0284887E+001,-5.5099510E-002,-3.3659652E+001,-2.8686708E-002, 4.3792443E+001, 0.0000000E+000, 1.5030577E+002, 1.5030368E+002, 0.0000000E+000, 1.0067110E-002, 0.0000000E+000, 7.3509812E+003
 6.6039856E+001, 2.0640269E+002, 0.0000000E+000,-6.2974816E+001,-5.6902156E-002,-3.5241066E+001,-2.9344861E-002, 4.4274761E+001, 0.0000000E+000, 1.5261041E+002, 1.5237532E+002, 0.0000000E+000, 1.0420258E-002, 0.0000000E+000, 7.6324887E+003
 6.7001633E+001, 2.1593819E+002, 0.0000000E+000,-6.6806217E+001,-5.9199595E-002,-3.7055017E+001,-3.0229149E-002, 4.5900271E+001, 0.0000000E+000, 1.5760218E+002, 1.5788780E+002, 0.0000000E+000, 1.0764781E-002, 0.0000000E+000, 7.9130973E+003
 6.8016182E+001, 2.2090785E+002, 0.0000000E+000,-6.7399946E+001,-6.0878789E-002,-3.9005002E+001,-3.1177589E-002, 4.6909105E+001, 0.0000000E+000, 1.6148690E+002, 1.6131995E+002, 0.0000000E+000, 1.1113477E-002, 0.0000000E+000, 8.2160691E+003
 6.9010551E+001, 2.2754479E+002, 0.0000000E+000,-7.0623278E+001,-6.2772453E-002,-4.1004468E+001,-3.2301414E-002, 4.7455380E+001, 0.0000000E+000, 1.6354005E+002, 1.6327735E+002, 0.0000000E+000, 1.1468396E-002, 0.0000000E+000, 8.5166351E+003
 7.0027679E+001, 2.3508403E+002, 0.0000000E+000,-7.2307295E+001,-6.4280771E-002,-4.2878111E+001,-3.3470416E-002, 4.9128309E+001, 0.0000000E+000, 1.6849947E+002, 1.6892919E+002, 0.0000000E+000, 1.1822987E-002, 0.0000000E+000, 8.8340788E+003
 7.1000069E+001, 2.4353113E+002, 0.0000000E+000,-7.9207843E+001,-6.6970162E-002,-4.5077687E+001,-3.4033464E-002, 4.8715893E+001, 0.0000000E+000, 1.6800969E+002, 1.6786049E+002, 0.0000000E+000, 1.2172388E-002, 0.0000000E+000, 9.1355454E+003
 7.2023705E+001, 2.5026323E+002, 0.0000000E+000,-7.6731921E+001,-6.8594779E-002,-4.7339321E+001,-3.5301184E-002, 5.1820565E+001, 0.0000000E+000, 1.7805964E+002, 1.7790866E+002, 0.0000000E+000, 1.2523527E-002, 0.0000000E+000, 9.4732043E+003
 7.3017090E+001, 2.5573527E+002, 0.0000000E+000,-8.1839756E+001,-7.0705563E-002,-4.9420475E+001,-3.6109790E-002, 5.0875580E+001, 0.0000000E+000, 1.7568443E+002, 1.7524380E+002, 0.0000000E+000, 1.2879747E-002, 0.0000000E+000, 9.7952436E+003
 7.4030785E+001, 2.6447390E+002, 0.0000000E+000,-8.5911555E+001,-7.2714245E-002,-5.1431103E+001,-3.6952828E-002, 5.2024337E+001, 0.0000000E+000, 1.7865405E+002, 1.7904591E+002, 0.0000000E+000, 1.3233436E-002, 0.0000000E+000, 1.0130281E+004
 7.5028091E+001, 2.6793644E+002, 0.0000000E+000,-8.7891359E+001,-7.5175054E-002,-5.3278172E+001,-3.7412613E-002, 5.1898134E+001, 0.0000000E+000, 1.7906431E+002, 1.7855246E+002, 0.0000000E+000, 1.3587981E-002, 0.0000000E+000, 1.0460090E+004
 7.6001556E+001, 2.7956677E+002, 0.0000000E+000,-9.2676515E+001,-7.6457584E-002,-5.5749265E+001,-3.8533750E-002, 5.3689811E+001, 0.0000000E+000, 1.8442792E+002, 1.8471581E+002, 0.0000000E+000, 1.3935013E-002, 0.0000000E+000, 1.0792298E+004
 7.7003929E+001, 2.8047512E+002, 0.0000000E+000,-8.9883361E+001,-7.8144328E-002,-5.7384084E+001,-4.0224815E-002, 5.4672043E+001, 0.0000000E+000, 1.8784435E+002, 1.8776135E+002, 0.0000000E+000, 1.4283724E-002, 0.0000000E+000, 1.1141202E+004
 7.8026779E+001, 2.9390710E+002, 0.0000000E+000,-9.8635196E+001,-8.1449748E-002,-5.9850858E+001,-4.0589499E-002, 5.5024023E+001, 0.0000000E+000, 1.8985939E+002, 1.9032303E+002, 0.0000000E+000, 1.4642345E-002, 0.0000000E+000, 1.1498763E+004
 7.9005768E+001, 2.9895089E+002, 0.0000000E+000,-9.9751356E+001,-8.2735575E-002,-6.1467246E+001,-4.0949793E-002, 5.6642854E+001, 0.0000000E+000, 1.9496161E+002, 1.9425146E+002, 0.0000000E+000, 1.4994190E-002, 0.0000000E+000, 1.1852215E+004
 8.0015160E+001, 3.0472906E+002, 0.0000000E+000,-1.0410249E+002,-8.5320634E-002,-6.4084523E+001,-4.1973903E-002, 5.5730167E+001, 0.0000000E+000, 1.9199886E+002, 1.9214492E+002, 0.0000000E+000, 1.5343411E-002, 0.0000000E+000, 1.2209860E+004
 8.1026802E+001, 3.1330762E+002, 0.0000000E+000,-1.0765428E+002,-8.8369185E-002,-6.6941717E+001,-4.2381649E-002, 5.6756175E+001, 0.0000000E+000, 1.9614357E+002, 1.9533704E+002, 0.0000000E+000, 1.5699688E-002, 0.0000000E+000, 1.2575789E+004
 8.2036163E+001, 3.1984708E+002, 0.0000000E+000,-1.0942875E+002,-8.9524374E-002,-6.9631017E+001,-4.3717958E-002, 5.7767270E+001, 0.0000000E+000, 1.9862324E+002, 1.9842134E+002, 0.0000000E+000, 1.6057655E-002, 0.0000000E+000, 1.2946862E+004
 8.3009262E+001, 3.2519355E+002, 0.0000000E+000,-1.1307119E+002,-9.1229915E-002,-7.2229080E+001,-4.4829312E-002, 5.7361472E+001, 0.0000000E+000, 1.9710231E+002, 1.9711869E+002, 0.0000000E+000, 1.6405319E-002, 0.0000000E+000, 1.3301898E+004
 8.4014503E+001, 3.3303714E+002, 0.0000000E+000,-1.1787062E+002,-9.4203749E-002,-7.4828424E+001,-4.4667734E-002, 5.7545319E+001, 0.0000000E+000, 1.9836697E+002, 1.9774454E+002, 0.0000000E+000, 1.6754526E-002, 0.0000000E+000, 1.3670341E+004
 8.5021652E+001, 3.4222594E+002, 0.0000000E+000,-1.2207674E+002,-9.6497644E-002,-7.7620117E+001,-4.5546378E-002, 5.8414390E+001, 0.0000000E+000, 2.0145987E+002, 2.0080143E+002, 0.0000000E+000, 1.7108674E-002, 0.0000000E+000, 1.4045195E+004
 8.6008087E+001, 3.5067310E+002, 0.0000000E+000,-1.2450123E+002,-9.7895758E-002,-8.0328332E+001,-4.5807522E-002, 5.9684591E+001, 0.0000000E+000, 2.0429938E+002, 2.0538442E+002, 0.0000000E+000, 1.7460231E-002, 0.0000000E+000, 1.4418563E+004
 8.7032013E+001, 3.5174989E+002, 0.0000000E+000,-1.2657403E+002,-1.0098761E-001,-8.3005038E+001,-4.6925301E-002, 5.8512992E+001, 0.0000000E+000, 2.0218722E+002, 2.0053591E+002, 0.0000000E+000, 1.7813862E-002, 0.0000000E+000, 1.4801343E+004
 8.8000717E+001, 3.6600904E+002, 0.0000000E+000,-1.3701226E+002,-1.0298277E-001,-8.5331052E+001,-4.8754632E-002, 5.8634671E+001, 0.0000000E+000, 2.0222317E+002, 2.0214866E+002, 0.0000000E+000, 1.8165105E-002, 0.0000000E+000, 1.5162609E+004
 8.9003006E+001, 3.6111822E+002, 0.0000000E+000,-1.3515019E+002,-1.0450232E-001,-8.8073032E+001,-4.9048320E-002, 5.6605727E+001, 0.0000000E+000, 1.9508377E+002, 1.9434718E+002, 0.0000000E+000, 1.8513295E-002, 0.0000000E+000, 1.5523954E+004
 9.0026871E+001, 3.8177201E+002, 0.0000000E+000,-1.4199974E+002,-1.0668622E-001,-9.1220158E+001,-5.0133546E-002, 6.0816954E+001, 0.0000000E+000, 2.0849707E+002, 2.0921224E+002, 0.0000000E+000, 1.8870332E-002, 0.0000000E+000, 1.5919166E+004
 9.1010712E+001, 3.8422537E+002, 0.0000000E+000,-1.4449777E+002,-1.0851134E-001,-9.4223298E+001,-5.1736139E-002, 6.0187484E+001, 0.0000000E+000, 2.0687572E+002, 2.0553154E+002, 0.0000000E+000, 1.9300935E-002, 0.0000000E+000, 1.6297026E+004
 9.2022713E+001, 3.8569191E+002, 0.0000000E+000,-1.4853666E+002,-1.1145688E-001,-9.6472745E+001,-5.2961013E-002, 5.7736160E+001, 0.0000000E+000, 1.9878122E+002, 1.9825424E+002, 0.0000000E+000, 1.9791963E-002, 0.0000000E+000, 1.6669242E+004
 9.3017296E+001, 3.9738750E+002, 0.0000000E+000,-1.5515095E+002,-1.1408206E-001,-9.8815335E+001,-5.3460246E-002, 5.8501335E+001, 0.0000000E+000, 2.0135087E+002, 2.0175501E+002, 0.0000000E+000, 2.0287990E-002, 0.0000000E+000, 1.7038652E+004
 9.4033981E+001, 4.2285327E+002, 0.0000000E+000,-1.6320627E+002,-1.1736229E-001,-1.0252106E+002,-5.5183084E-002, 6.4870019E+001, 0.0000000E+000, 2.2249339E+002, 2.2182341E+002, 0.0000000E+000, 2.0783050E-002, 0.0000000E+000, 1.7458685E+004
 9.5017326E+001, 4.1870581E+002, 0.0000000E+000,-1.6315096E+002,-1.1997366E-001,-1.0474072E+002,-5.5633210E-002, 6.1461263E+001, 0.0000000E+000, 2.1205332E+002, 2.1209979E+002, 0.0000000E+000, 2.1276353E-002, 0.0000000E+000, 1.7843068E+004
 9.6010582E+001, 4.3025486E+002, 0.0000000E+000,-1.7223907E+002,-1.2518651E-001,-1.0684518E+002,-5.5945147E-002, 6.2050844E+001, 0.0000000E+000, 2.1376297E+002, 2.1304032E+002, 0.0000000E+000, 2.1764917E-002, 0.0000000E+000, 1.8235460E+004
 9.7004723E+001, 4.4931558E+002, 0.0000000E+000,-1.7858217E+002,-1.2667432E-001,-1.1036524E+002,-5.7337630E-002, 6.5863217E+001, 0.0000000E+000, 2.2719456E+002, 2.2604737E+002, 0.0000000E+000, 2.2253662E-002, 0.0000000E+000, 1.8653066E+004
 9.8017891E+001, 4.4136591E+002, 0.0000000E+000,-1.7589260E+002,-1.2910780E-001,-1.1355690E+002,-5.9330840E-002, 6.2303166E+001, 0.0000000E+000, 2.1358173E+002, 2.1403113E+002, 0.0000000E+000, 2.2750351E-002, 0.0000000E+000, 1.9053928E+004
 9.9002380E+001, 4.5875590E+002, 0.0000000E+000,-1.8835261E+002,-1.3357365E-001,-1.1565432E+002,-5.9276176E-002, 6.3051430E+001, 0.0000000E+000, 2.1772775E+002, 2.1760755E+002, 0.0000000E+000, 2.3244155E-002, 0.0000000E+000, 1.9448775E+004
 1.0001336E+002, 4.7427836E+002, 0.0000000E+000,-1.9457639E+002,-1.3634694E-001,-1.1968197E+002,-6.0523396E-002, 6.5372031E+001, 0.0000000E+000, 2.2506842E+002, 2.2519516E+002, 0.0000000E+000, 2.3734356E-002, 0.0000000E+000, 1.9868811E+004
 1.0103596E+002, 4.8989985E+002, 0.0000000E+000,-1.9614822E+002,-1.3943088E-001,-1.2361190E+002,-6.2098207E-002, 7.0168278E+001, 0.0000000E+000, 2.4186613E+002, 2.4010648E+002, 0.0000000E+000, 2.4238721E-002, 0.0000000E+000, 2.0326926E+004
 1.0201447E+002, 4.8257298E+002, 0.0000000E+000,-2.0326649E+002,-1.4108951E-001,-1.2601744E+002,-6.2971244E-002, 6.2798129E+001, 0.0000000E+000, 2.1604503E+002, 2.1588311E+002, 0.0000000E+000, 2.4731485E-002, 0.0000000E+000, 2.0717666E+004
 1.0301776E+002, 5.0324633E+002, 0.0000000E+000,-2.1185517E+002,-1.4373897E-001,-1.2834433E+002,-6.5378292E-002, 6.7079948E+001, 0.0000000E+000, 2.3158619E+002, 2.2991765E+002, 0.0000000E+000, 2.5219095E-002, 0.0000000E+000, 2.1147208E+004
 1.0401562E+002, 5.1963201E+002, 0.0000000E+000,-2.1688258E+002,-1.4986575E-001,-1.3191510E+002,-6.4750306E-002, 6.9474616E+001, 0.0000000E+000, 2.3877691E+002, 2.4009433E+002, 0.0000000E+000, 2.5711486E-002, 0.0000000E+000, 2.1586607E+004
 1.0500328E+002, 5.2084759E+002, 0.0000000E+000,-2.2162188E+002,-1.4862284E-001,-1.3547421E+002,-6.7021924E-002, 6.7310574E+001, 0.0000000E+000, 2.3146411E+002, 2.3084642E+002, 0.0000000E+000, 2.6203737E-002, 0.0000000E+000, 2.2010062E+004
 1.0602428E+002, 5.1414332E+002, 0.0000000E+000,-2.2818895E+002,-1.5345912E-001,-1.3884350E+002,-6.7390451E-002, 6.0366176E+001, 0.0000000E+000, 2.0897570E+002, 2.0725620E+002, 0.0000000E+000, 2.6699603E-002, 0.0000000E+000, 2.2403411E+004
 1.0703016E+002, 5.4129654E+002, 0.0000000E+000,-2.3900769E+002,-1.5581806E-001,-1.4186529E+002,-6.9103862E-002, 6.5865215E+001, 0.0000000E+000, 2.2611826E+002, 2.2606385E+002, 0.0000000E+000, 2.7199441E-002, 0.0000000E+000, 2.2824762E+004
 1.0802332E+002, 5.4063697E+002, 0.0000000E+000,-2.4602205E+002,-1.6205035E-001,-1.4540970E+002,-6.9343723E-002, 6.1454574E+001, 0.0000000E+000, 2.1247507E+002, 2.1042841E+002, 0.0000000E+000, 2.7693851E-002, 0.0000000E+000, 2.3214416E+004
 1.0901585E+002, 5.5843610E+002, 0.0000000E+000,-2.4690121E+002,-1.6417760E-001,-1.4834935E+002,-6.9301328E-002, 6.5955038E+001, 0.0000000E+000, 2.2615656E+002, 2.2890710E+002, 0.0000000E+000, 2.8182376E-002, 0.0000000E+000, 2.3627862E+004
 1.1000868E+002, 5.7160004E+002, 0.0000000E+000,-2.5779338E+002,-1.6395498E-001,-1.5136178E+002,-7.2106101E-002, 6.7309526E+001, 0.0000000E+000, 2.3185617E+002, 2.2951834E+002, 0.0000000E+000, 2.8675135E-002, 0.0000000E+000, 2.4054984E+004
 1.1101094E+002, 5.8484085E+002, 0.0000000E+000,-2.6525624E+002,-1.6866280E-001,-1.5467191E+002,-7.3175949E-002, 6.7667903E+001, 0.0000000E+000, 2.3284183E+002, 2.3233876E+002, 0.0000000E+000, 2.9167678E-002, 0.0000000E+000, 2.4486575E+004
 1.1202519E+002, 5.9372794E+002, 0.0000000E+000,-2.7393654E+002,-1.7020351E-001,-1.5796541E+002,-7.4914872E-002, 6.6065639E+001, 0.0000000E+000, 2.2617180E+002, 2.2764651E+002, 0.0000000E+000, 2.9660959E-002, 0.0000000E+000, 2.4911269E+004
 1.1300032E+002, 5.9290037E+002, 0.0000000E+000,-2.7654510E+002,-1.7547290E-001,-1.6039780E+002,-7.4451387E-002, 6.4209104E+001, 0.0000000E+000, 2.2173334E+002, 2.1991664E+002, 0.0000000E+000, 3.0152832E-002, 0.0000000E+000, 2.5310787E+004
 1.1401442E+002, 5.9833402E+002, 0.0000000E+000,-2.7816903E+002,-1.8052191E-001,-1.6342210E+002,-7.3273205E-002, 6.4441340E+001, 0.0000000E+000, 2.2266025E+002, 2.2093043E+002, 0.0000000E+000, 3.0644083E-002, 0.0000000E+000, 2.5728044E+004
 1.1503065E+002, 6.0789049E+002, 0.0000000E+000,-2.9304304E+002,-1.8577318E-001,-1.6732370E+002,-7.3039795E-002, 6.0971062E+001, 0.0000000E+000, 2.0866415E+002, 2.0823600E+002, 0.0000000E+000, 3.1145452E-002, 0.0000000E+000, 2.6122115E+004
 1.1603563E+002, 6.1919866E+002, 0.0000000E+000,-2.9652689E+002,-1.8817930E-001,-1.6968666E+002,-7.5189350E-002, 6.2798084E+001, 0.0000000E+000, 2.1513070E+002, 2.1551982E+002, 0.0000000E+000, 3.1644630E-002, 0.0000000E+000, 2.6523020E+004
 1.1702055E+002, 6.7703055E+002, 0.0000000E+000,-3.2245253E+002,-1.8672508E-001,-1.7353487E+002,-7.9588558E-002, 7.3885934E+001, 0.0000000E+000, 2.5531270E+002, 2.5466278E+002, 0.0000000E+000, 3.2134951E-002, 0.0000000E+000, 2.6986006E+004
 1.1801245E+002, 6.3209921E+002, 0.0000000E+000,-2.9617267E+002,-1.8972194E-001,-1.7723962E+002,-7.9769751E-002, 6.6825078E+001, 0.0000000E+000, 2.2792088E+002, 2.2524250E+002, 0.0000000E+000, 3.2622771E-002, 0.0000000E+000, 2.7409905E+004
 1.1900262E+002, 6.6437887E+002, 0.0000000E+000,-3.3248984E+002,-1.9505261E-001,-1.7900689E+002,-8.1067429E-002, 6.1919285E+001, 0.0000000E+000, 2.1253768E+002, 2.1452530E+002, 0.0000000E+000, 3.3112654E-002, 0.0000000E+000, 2.7798072E+004
 1.2002509E+002, 6.5889438E+002, 0.0000000E+000,-3.3396349E+002,-1.9732069E-001,-1.8505789E+002,-8.2671639E-002, 5.8510690E+001, 0.0000000E+000, 2.0286055E+002, 1.9810370E+002, 0.0000000E+000, 3.3608223E-002, 0.0000000E+000, 2.8182782E+004
 1.2102483E+002, 6.5107353E+002, 0.0000000E+000,-3.3110742E+002,-1.9967807E-001,-1.8916847E+002,-8.2541825E-002, 5.4415021E+001, 0.0000000E+000, 1.8351680E+002, 1.8493044E+002, 0.0000000E+000, 3.4185078E-002, 0.0000000E+000, 2.8526712E+004
 1.2202864E+002, 7.1267732E+002, 0.0000000E+000,-3.5406642E+002,-2.0612911E-001,-1.9238955E+002,-8.4483442E-002, 6.9104728E+001, 0.0000000E+000, 2.3750821E+002, 2.3503547E+002, 0.0000000E+000, 3.4818010E-002, 0.0000000E+000, 2.8969930E+004
 1.2302388E+002, 6.6335394E+002, 0.0000000E+000,-3.3658797E+002,-2.0682116E-001,-1.9422960E+002,-8.4973601E-002, 5.3911401E+001, 0.0000000E+000, 1.8380821E+002, 1.8615597E+002, 0.0000000E+000, 3.5453795E-002, 0.0000000E+000, 2.9308728E+004
 1.2401909E+002, 7.4557323E+002, 0.0000000E+000,-3.8116598E+002,-2.1476068E-001,-1.9794594E+002,-8.4828181E-002, 6.9183093E+001, 0.0000000E+000, 2.3900943E+002, 2.3534482E+002, 0.0000000E+000, 3.6085901E-002, 0.0000000E+000, 2.9749441E+004
 1.2500568E+002, 7.0401091E+002, 0.0000000E+000,-3.6106619E+002,-2.1670158E-001,-2.0165666E+002,-8.7409736E-002, 5.8602409E+001, 0.0000000E+000, 1.9723891E+002, 1.9958636E+002, 0.0000000E+000, 3.6714687E-002, 0.0000000E+000, 3.0114621E+004
 1.2601755E+002, 7.3378212E+002, 0.0000000E+000,-3.7850406E+002,-2.1602175E-001,-2.0434855E+002,-9.1063966E-002, 6.2851406E+001, 0.0000000E+000, 2.1672276E+002, 2.1347383E+002, 0.0000000E+000, 3.7347706E-002, 0.0000000E+000, 3.0521567E+004
 1.2700315E+002, 7.0687838E+002, 0.0000000E+000,-3.7927539E+002,-2.2242585E-001,-2.0795273E+002,-9.0444880E-002, 4.9955077E+001, 0.0000000E+000, 1.6943783E+002, 1.6929247E+002, 0.0000000E+000, 3.7982768E-002, 0.0000000E+000, 3.0834574E+004
 1.2801825E+002, 7.4366351E+002, 0.0000000E+000,-3.9524916E+002,-2.3155163E-001,-2.1086752E+002,-8.8578072E-002, 5.6669988E+001, 0.0000000E+000, 1.9426012E+002, 1.9389669E+002, 0.0000000E+000, 3.8617957E-002, 0.0000000E+000, 3.1200063E+004
 1.2901695E+002, 7.6216419E+002, 0.0000000E+000,-4.0534336E+002,-2.3450002E-001,-2.1348030E+002,-9.2316960E-002, 5.9591359E+001, 0.0000000E+000, 2.0438867E+002, 2.0260507E+002, 0.0000000E+000, 3.9256864E-002, 0.0000000E+000, 3.1579891E+004
 1.3000630E+002, 8.2150779E+002, 0.0000000E+000,-4.3070479E+002,-2.3772854E-001,-2.1613066E+002,-9.2140061E-002, 7.1018446E+001, 0.0000000E+000, 2.4561104E+002, 2.4536092E+002, 0.0000000E+000, 3.9887341E-002, 0.0000000E+000, 3.2026805E+004
 1.3101631E+002, 7.9711814E+002, 0.0000000E+000,-4.2431859E+002,-2.3680120E-001,-2.1912345E+002,-9.6039297E-002, 6.3257499E+001, 0.0000000E+000, 2.1476748E+002, 2.1660075E+002, 0.0000000E+000, 4.0520345E-002, 0.0000000E+000, 3.2430758E+004
 1.3201799E+002, 7.7431645E+002, 0.0000000E+000,-4.1509178E+002,-2.4667847E-001,-2.2191657E+002,-9.5226058E-002, 5.7661682E+001, 0.0000000E+000, 1.9671672E+002, 1.9462787E+002, 0.0000000E+000, 4.1156669E-002, 0.0000000E+000, 3.2799881E+004
 1.3302968E+002, 8.2339414E+002, 0.0000000E+000,-4.4624452E+002,-2.5461232E-001,-2.2578821E+002,-9.4726222E-002, 6.3329463E+001, 0.0000000E+000, 2.1610478E+002, 2.1434154E+002, 0.0000000E+000, 4.1798150E-002, 0.0000000E+000, 3.3208608E+004
 1.3403648E+002, 8.0176431E+002, 0.0000000E+000,-4.4253545E+002,-2.5209777E-001,-2.2831166E+002,-9.6763234E-002, 5.4731585E+001, 0.0000000E+000, 1.8632574E+002, 1.8529991E+002, 0.0000000E+000, 4.2438444E-002, 0.0000000E+000, 3.3559598E+004
 1.3502756E+002, 8.4127713E+002, 0.0000000E+000,-4.5921302E+002,-2.5707311E-001,-2.2962638E+002,-9.9678505E-002, 6.3163102E+001, 0.0000000E+000, 2.1671058E+002, 2.1524408E+002, 0.0000000E+000, 4.3073029E-002, 0.0000000E+000, 3.3958428E+004
 1.3600952E+002, 8.1866536E+002, 0.0000000E+000,-4.5521609E+002,-2.6725905E-001,-2.3089403E+002,-1.0099995E-001, 5.5882888E+001, 0.0000000E+000, 1.9026443E+002, 1.8806987E+002, 0.0000000E+000, 4.3698907E-002, 0.0000000E+000, 3.4309350E+004
 1.3702356E+002, 8.2211183E+002, 0.0000000E+000,-4.6724496E+002,-2.6697228E-001,-2.3389860E+002,-9.9063916E-002, 5.1192776E+001, 0.0000000E+000, 1.7181619E+002, 1.7179500E+002, 0.0000000E+000, 4.4331691E-002, 0.0000000E+000, 3.4639384E+004
 1.3803851E+002, 8.3658223E+002, 0.0000000E+000,-4.6988553E+002,-2.6830185E-001,-2.3602086E+002,-1.0335926E-001, 5.5048219E+001, 0.0000000E+000, 1.8316127E+002, 1.8535239E+002, 0.0000000E+000, 4.4974847E-002, 0.0000000E+000, 3.4992429E+004
 1.3903203E+002, 8.9409823E+002, 0.0000000E+000,-4.8590817E+002,-2.7327651E-001,-2.3954098E+002,-1.0586171E-001, 6.9445928E+001, 0.0000000E+000, 2.4316958E+002, 2.3771587E+002, 0.0000000E+000, 4.5612432E-002, 0.0000000E+000, 3.5435696E+004
 1.4000450E+002, 7.9136126E+002, 0.0000000E+000,-4.7275428E+002,-2.8356882E-001,-2.4478425E+002,-1.0119463E-001, 3.4577597E+001, 0.0000000E+000, 1.1277069E+002, 1.0801557E+002, 0.0000000E+000, 4.6234694E-002, 0.0000000E+000, 3.5653672E+004
 1.4103647E+002, 7.8349563E+002, 0.0000000E+000,-4.7176904E+002,-2.8431731E-001,-2.4570332E+002,-1.0388814E-001, 2.9991496E+001, 0.0000000E+000, 9.2395285E+001, 9.5626569E+001, 0.0000000E+000, 4.6872298E-002, 0.0000000E+000, 3.5846483E+004
 1.4202950E+002, 8.5361115E+002, 0.0000000E+000,-4.8938256E+002,-2.8579982E-001,-2.4545752E+002,-1.0586632E-001, 5.1403318E+001, 0.0000000E+000, 1.7052612E+002, 1.6978271E+002, 0.0000000E+000, 4.7516817E-002, 0.0000000E+000, 3.6171083E+004
 1.4303021E+002, 8.6368738E+002, 0.0000000E+000,-4.8514799E+002,-2.9247713E-001,-2.4725700E+002,-1.0604348E-001, 5.5604906E+001, 0.0000000E+000, 1.8608779E+002, 1.8648877E+002, 0.0000000E+000, 4.8147664E-002, 0.0000000E+000, 3.6523799E+004
 1.4402556E+002, 8.7881235E+002, 0.0000000E+000,-4.9758520E+002,-3.0445697E-001,-2.4963294E+002,-1.0590456E-001, 5.6249975E+001, 0.0000000E+000, 1.8988717E+002, 1.8743382E+002, 0.0000000E+000, 4.8780493E-002, 0.0000000E+000, 3.6882332E+004
 1.4500714E+002, 8.3646521E+002, 0.0000000E+000,-4.9513654E+002,-2.9596737E-001,-2.5115982E+002,-1.0670308E-001, 4.0144416E+001, 0.0000000E+000, 1.2932014E+002, 1.2991059E+002, 0.0000000E+000, 4.9408517E-002, 0.0000000E+000, 3.7131231E+004
 1.4601424E+002, 9.3536056E+002, 0.0000000E+000,-5.1176691E+002,-3.1279366E-001,-2.5154503E+002,-1.0937334E-001, 7.1235627E+001, 0.0000000E+000, 2.4428208E+002, 2.4286207E+002, 0.0000000E+000, 5.0038896E-002, 0.0000000E+000, 3.7588594E+004
 1.4703416E+002, 8.4034922E+002, 0.0000000E+000,-5.0037007E+002,-3.0726780E-001,-2.5322815E+002,-1.0923921E-001, 4.0034391E+001, 0.0000000E+000, 1.3043727E+002, 1.2636889E+002, 0.0000000E+000, 5.0684265E-002, 0.0000000E+000, 3.7851426E+004
 1.4803659E+002, 8.5010689E+002, 0.0000000E+000,-5.0507209E+002,-3.2058326E-001,-2.5410837E+002,-1.0689098E-001, 4.0862308E+001, 0.0000000E+000, 1.3046900E+002, 1.3136127E+002, 0.0000000E+000, 5.1324341E-002, 0.0000000E+000, 3.8110839E+004
 1.4902728E+002, 8.8263524E+002, 0.0000000E+000,-5.1129758E+002,-3.1608853E-001,-2.5553329E+002,-1.1509183E-001, 5.0231026E+001, 0.0000000E+000, 1.6826083E+002, 1.6560422E+002, 0.0000000E+000, 5.1956685E-002, 0.0000000E+000, 3.8429548E+004
 1.5003088E+002, 7.9425078E+002, 0.0000000E+000,-4.9010853E+002,-3.2269255E-001,-2.5828654E+002,-1.1265953E-001, 2.5420409E+001, 0.0000000E+000, 7.7963198E+001, 7.0840772E+001, 0.0000000E+000, 5.2590594E-002, 0.0000000E+000, 3.8597459E+004
 1.5102588E+002, 8.1833934E+002, 0.0000000E+000,-4.9789232E+002,-3.2950845E-001,-2.5768004E+002,-1.1294590E-001, 2.9909283E+001, 0.0000000E+000, 8.8621866E+001, 9.2233808E+001, 0.0000000E+000, 5.3303371E-002, 0.0000000E+000, 3.8782511E+004
 1.5200900E+002, 8.1983183E+002, 0.0000000E+000,-4.9458919E+002,-3.3088569E-001,-2.5669061E+002,-1.1581385E-001, 3.2736089E+001, 0.0000000E+000, 1.0160917E+002, 1.0084142E+002, 0.0000000E+000, 5.4067261E-002, 0.0000000E+000, 3.8986955E+004
 1.5304030E+002, 8.8199705E+002, 0.0000000E+000,-5.0252399E+002,-3.4569451E-001,-2.5756441E+002,-1.1010495E-001, 5.2237950E+001, 0.0000000E+000, 1.6814146E+002, 1.7369080E+002, 0.0000000E+000, 5.4849427E-002, 0.0000000E+000, 3.9323596E+004
 1.5403603E+002, 9.2257667E+002, 0.0000000E+000,-5.2353545E+002,-3.4296008E-001,-2.5981044E+002,-1.1474368E-001, 5.8848088E+001, 0.0000000E+000, 1.9358253E+002, 1.9762116E+002, 0.0000000E+000, 5.5635798E-002, 0.0000000E+000, 3.9692184E+004
 1.5504031E+002, 9.2359400E+002, 0.0000000E+000,-5.1890782E+002,-3.5475622E-001,-2.6226034E+002,-1.1443124E-001, 6.1605578E+001, 0.0000000E+000, 2.1173719E+002, 2.0356223E+002, 0.0000000E+000, 5.6416201E-002, 0.0000000E+000, 4.0092504E+004
 1.5602321E+002, 9.0221519E+002, 0.0000000E+000,-5.0951080E+002,-3.5583721E-001,-2.6455338E+002,-1.1892757E-001, 5.5689917E+001, 0.0000000E+000, 1.8423788E+002, 1.8336616E+002, 0.0000000E+000, 5.7183213E-002, 0.0000000E+000, 4.0440712E+004
 1.5700610E+002, 9.8398198E+002, 0.0000000E+000,-5.3921562E+002,-3.5563647E-001,-2.6676456E+002,-1.2415599E-001, 7.2734615E+001, 0.0000000E+000, 2.4383675E+002, 2.5025663E+002, 0.0000000E+000, 5.7945374E-002, 0.0000000E+000, 4.0889089E+004
 1.5803813E+002, 9.6587830E+002, 0.0000000E+000,-5.2665104E+002,-3.6618955E-001,-2.6965136E+002,-1.2417345E-001, 7.1693181E+001, 0.0000000E+000, 2.4533463E+002, 2.4077872E+002, 0.0000000E+000, 5.8726258E-002, 0.0000000E+000, 4.1363824E+004
 1.5901341E+002, 9.2824196E+002, 0.0000000E+000,-5.2359307E+002,-3.7041870E-001,-2.7234746E+002,-1.1920324E-001, 5.7084958E+001, 0.0000000E+000, 1.9044205E+002, 1.8889676E+002, 0.0000000E+000, 5.9506551E-002, 0.0000000E+000, 4.1719007E+004
 1.6004419E+002, 9.1247738E+002, 0.0000000E+000,-5.2691460E+002,-3.7668319E-001,-2.7351917E+002,-1.2605219E-001, 5.0275035E+001, 0.0000000E+000, 1.6784228E+002, 1.6181591E+002, 0.0000000E+000, 6.0290331E-002, 0.0000000E+000, 4.2053352E+004
 1.6102342E+002, 8.5911619E+002, 0.0000000E+000,-5.0298562E+002,-3.8153022E-001,-2.7359140E+002,-1.2176954E-001, 3.8407258E+001, 0.0000000E+000, 1.2060777E+002, 1.2044312E+002, 0.0000000E+000, 6.1076688E-002, 0.0000000E+000, 4.2291642E+004
 1.6201498E+002, 8.7045845E+002, 0.0000000E+000,-5.1038567E+002,-4.0254510E-001,-2.7388152E+002,-1.1514447E-001, 4.0772724E+001, 0.0000000E+000, 1.2971723E+002, 1.2644628E+002, 0.0000000E+000, 6.1829364E-002, 0.0000000E+000, 4.2550965E+004
 1.6303249E+002, 8.7360046E+002, 0.0000000E+000,-5.0874852E+002,-3.8940295E-001,-2.7412096E+002,-1.2245777E-001, 4.0028614E+001, 0.0000000E+000, 1.2800567E+002, 1.3024773E+002, 0.0000000E+000, 6.2607957E-002, 0.0000000E+000, 4.2806781E+004
 1.6400735E+002, 8.3833727E+002, 0.0000000E+000,-5.0087644E+002,-4.1122032E-001,-2.7448605E+002,-1.2212551E-001, 3.0626971E+001, 0.0000000E+000, 9.5178999E+001, 9.3068397E+001, 0.0000000E+000, 6.3373005E-002, 0.0000000E+000, 4.2997996E+004
 1.6503270E+002, 8.3612753E+002, 0.0000000E+000,-5.0004316E+002,-4.0008910E-001,-2.7464741E+002,-1.3045390E-001, 2.8748780E+001, 0.0000000E+000, 9.6297000E+001, 8.9655203E+001, 0.0000000E+000, 6.4156203E-002, 0.0000000E+000, 4.3191285E+004
 1.6604993E+002, 7.4947120E+002, 0.0000000E+000,-4.7688142E+002,-4.2152090E-001,-2.7331076E+002,-1.2082009E-001, 6.4570089E+000, 0.0000000E+000, 5.0824463E+000, 5.1936886E+000, 0.0000000E+000, 6.4950700E-002, 0.0000000E+000, 4.3231924E+004
 1.6703555E+002, 7.7720116E+002, 0.0000000E+000,-4.8505198E+002,-4.2424374E-001,-2.7234641E+002,-1.2581933E-001, 1.4689646E+001, 0.0000000E+000, 3.6777136E+001, 3.3942356E+001, 0.0000000E+000, 6.5726039E-002, 0.0000000E+000, 4.3325827E+004
 1.6802051E+002, 7.2051166E+002, 0.0000000E+000,-4.6793748E+002,-4.3041945E-001,-2.7191854E+002,-1.2628435E-001,-6.8518554E-001, 0.0000000E+000,-1.9991321E+001,-2.0586243E+001, 0.0000000E+000, 6.6496054E-002, 0.0000000E+000, 4.3320983E+004
 1.6903848E+002, 6.7409702E+002, 0.0000000E+000,-4.6237630E+002,-4.5083203E-001,-2.7023613E+002,-1.1615266E-001,-1.3739538E+001, 0.0000000E+000,-6.5458638E+001,-7.2821934E+001, 0.0000000E+000, 6.7262282E-002, 0.0000000E+000, 4.3238179E+004
 1.7003078E+002, 6.9461311E+002, 0.0000000E+000,-4.5187423E+002,-4.3187943E-001,-2.6780410E+002,-1.2701573E-001,-3.3488793E+000, 0.0000000E+000,-3.3312855E+001,-2.8972991E+001, 0.0000000E+000, 6.8043184E-002, 0.0000000E+000, 4.3211487E+004
 1.7103316E+002, 7.1708548E+002, 0.0000000E+000,-4.5484988E+002,-4.5625737E-001,-2.6660853E+002,-1.2879774E-001, 4.9244086E+000, 0.0000000E+000, 1.3724910E+000,-3.3583367E-002, 0.0000000E+000, 6.8817460E-002, 0.0000000E+000, 4.3243606E+004
 1.7201138E+002, 6.1326978E+002, 0.0000000E+000,-4.3457333E+002,-4.5365779E-001,-2.6472068E+002,-1.1479567E-001,-2.4674514E+001, 0.0000000E+000,-1.0656847E+002,-1.1126720E+002, 0.0000000E+000, 6.9589136E-002, 0.0000000E+000, 4.3093204E+004
 1.7302235E+002, 6.4179887E+002, 0.0000000E+000,-4.2572292E+002,-4.7960933E-001,-2.6303386E+002,-1.0714384E-001,-1.0703051E+001, 0.0000000E+000,-6.1011599E+001,-5.8247713E+001, 0.0000000E+000, 7.0359760E-002, 0.0000000E+000, 4.3020124E+004
 1.7401489E+002, 7.6432404E+002, 0.0000000E+000,-4.4717580E+002,-4.7071743E-001,-2.6284015E+002,-1.1056126E-001, 2.5814637E+001, 0.0000000E+000, 6.9895933E+001, 7.9541443E+001, 0.0000000E+000, 7.1134467E-002, 0.0000000E+000, 4.3172967E+004
 1.7503056E+002, 8.1548862E+002, 0.0000000E+000,-4.5550652E+002,-4.8802113E-001,-2.6429938E+002,-1.1081536E-001, 4.2444870E+001, 0.0000000E+000, 1.4274342E+002, 1.3752876E+002, 0.0000000E+000, 7.1915502E-002, 0.0000000E+000, 4.3451483E+004
 1.7604135E+002, 7.7531894E+002, 0.0000000E+000,-4.5132372E+002,-4.8334596E-001,-2.6502093E+002,-1.1135482E-001, 2.7854020E+001, 0.0000000E+000, 9.0453436E+001, 8.6233614E+001, 0.0000000E+000, 7.2706907E-002, 0.0000000E+000, 4.3633226E+004
 1.7702214E+002, 6.5412690E+002, 0.0000000E+000,-4.2854239E+002,-4.9701273E-001,-2.6517859E+002,-1.1833737E-001,-7.6182507E+000, 0.0000000E+000,-4.2342682E+001,-4.7827690E+001, 0.0000000E+000, 7.3463084E-002, 0.0000000E+000, 4.3589423E+004
 1.7802155E+002, 6.6011624E+002, 0.0000000E+000,-4.3499285E+002,-4.9249564E-001,-2.6511255E+002,-1.2232505E-001,-7.3725099E+000, 0.0000000E+000,-4.5652229E+001,-4.7976487E+001, 0.0000000E+000, 7.4244536E-002, 0.0000000E+000, 4.3542613E+004
 1.7900716E+002, 7.0708805E+002, 0.0000000E+000,-4.2973993E+002,-5.1622738E-001,-2.6431012E+002,-1.1616120E-001, 1.0670368E+001, 0.0000000E+000, 2.4405502E+001, 2.3075976E+001, 0.0000000E+000, 7.5003456E-002, 0.0000000E+000, 4.3609815E+004
 1.8003276E+002, 6.4986589E+002, 0.0000000E+000,-4.2186099E+002,-5.0510717E-001,-2.6288514E+002,-1.2063712E-001,-7.9068677E+000, 0.0000000E+000,-4.1174395E+001,-4.3412857E+001, 0.0000000E+000, 7.5785257E-002, 0.0000000E+000, 4.3559418E+004
 1.8104912E+002, 5.3032705E+002, 0.0000000E+000,-4.0385484E+002,-5.1817983E-001,-2.6087408E+002,-1.1686485E-001,-4.3339256E+001, 0.0000000E+000,-1.7103929E+002,-1.7837617E+002, 0.0000000E+000, 7.6655609E-002, 0.0000000E+000, 4.3284421E+004
 1.8204799E+002, 4.6926820E+002, 0.0000000E+000,-3.8399856E+002,-5.2399660E-001,-2.5783777E+002,-1.2236610E-001,-5.7750648E+001, 0.0000000E+000,-2.2946281E+002,-2.3096514E+002, 0.0000000E+000, 7.7580804E-002, 0.0000000E+000, 4.2916477E+004
 1.8301004E+002, 5.1695450E+002, 0.0000000E+000,-3.8643287E+002,-5.3098461E-001,-2.5329779E+002,-1.1701406E-001,-3.9766685E+001, 0.0000000E+000,-1.6454134E+002,-1.6319085E+002, 0.0000000E+000, 7.8480767E-002, 0.0000000E+000, 4.2669905E+004
 1.8403616E+002, 6.0945485E+002, 0.0000000E+000,-3.9890002E+002,-5.4176495E-001,-2.5068173E+002,-1.1918944E-001,-9.5414676E+000, 0.0000000E+000,-4.9622121E+001,-5.0329323E+001, 0.0000000E+000, 7.9400604E-002, 0.0000000E+000, 4.2606963E+004
 1.8500809E+002, 5.5451045E+002, 0.0000000E+000,-3.7733033E+002,-5.5146681E-001,-2.4795093E+002,-1.1909147E-001,-2.0650546E+001, 0.0000000E+000,-8.9148628E+001,-9.2091919E+001, 0.0000000E+000, 8.0304854E-002, 0.0000000E+000, 4.2480311E+004
 1.8600575E+002, 4.8577170E+002, 0.0000000E+000,-3.6156020E+002,-5.5879973E-001,-2.4491080E+002,-1.1477301E-001,-3.9781133E+001, 0.0000000E+000,-1.5856993E+002,-1.6115400E+002, 0.0000000E+000, 8.1205709E-002, 0.0000000E+000, 4.2228380E+004
 1.8703693E+002, 5.6365884E+002, 0.0000000E+000,-3.7876005E+002,-5.5127677E-001,-2.4149562E+002,-1.2068382E-001,-1.6331771E+001, 0.0000000E+000,-7.3837077E+001,-7.3600559E+001, 0.0000000E+000, 8.2138122E-002, 0.0000000E+000, 4.2119252E+004
 1.8800589E+002, 5.3643088E+002, 0.0000000E+000,-3.6382294E+002,-5.5574080E-001,-2.3942270E+002,-1.2684986E-001,-1.9485741E+001, 0.0000000E+000,-8.5462067E+001,-8.6983094E+001, 0.0000000E+000, 8.3055263E-002, 0.0000000E+000, 4.1998769E+004
 1.8900606E+002, 5.5533382E+002, 0.0000000E+000,-3.6469624E+002,-5.9107564E-001,-2.3760958E+002,-1.2026870E-001,-1.0242018E+001, 0.0000000E+000,-5.3767376E+001,-5.7925367E+001, 0.0000000E+000, 8.3967680E-002, 0.0000000E+000, 4.1936614E+004
 1.9005322E+002, 4.8071273E+002, 0.0000000E+000,-3.4203594E+002,-5.8574622E-001,-2.3572068E+002,-1.1569221E-001,-3.0014859E+001, 0.0000000E+000,-1.3065631E+002,-1.2776019E+002, 0.0000000E+000, 8.4903700E-002, 0.0000000E+000, 4.1731865E+004
 1.9104449E+002, 5.9686770E+002, 0.0000000E+000,-3.6363404E+002,-5.8454694E-001,-2.3569672E+002,-1.2594937E-001, 4.4319285E+000, 0.0000000E+000,-3.4850944E+000, 1.2583693E+000, 0.0000000E+000, 8.5829421E-002, 0.0000000E+000, 4.1753621E+004
 1.9202087E+002, 6.3096759E+002, 0.0000000E+000,-3.6536570E+002,-5.9497208E-001,-2.3582545E+002,-1.3099084E-001, 1.7592182E+001, 0.0000000E+000, 5.4508415E+001, 4.6642661E+001, 0.0000000E+000, 8.6734928E-002, 0.0000000E+000, 4.1869173E+004
 1.9300348E+002, 5.8827290E+002, 0.0000000E+000,-3.6186153E+002,-5.8338574E-001,-2.3600513E+002,-1.2287481E-001, 4.1238279E+000, 0.0000000E+000,-5.6028452E+000,-6.1761913E+000, 0.0000000E+000, 8.7621562E-002, 0.0000000E+000, 4.1893766E+004
 1.9400061E+002, 5.9636377E+002, 0.0000000E+000,-3.5837833E+002,-6.3694847E-001,-2.3732674E+002,-1.1791024E-001, 4.3912237E+000, 0.0000000E+000, 2.8956909E+000, 4.2950690E+000, 0.0000000E+000, 8.8530386E-002, 0.0000000E+000, 4.1919148E+004
 1.9503372E+002, 5.7796559E+002, 0.0000000E+000,-3.5745145E+002,-6.1488937E-001,-2.3626863E+002,-1.2276957E-001, 3.9611617E-001, 0.0000000E+000,-1.3832513E+001,-1.6096036E+001, 0.0000000E+000, 8.9459435E-002, 0.0000000E+000, 4.1922429E+004
 1.9602005E+002, 5.8698293E+002, 0.0000000E+000,-3.5287695E+002,-6.1989793E-001,-2.3433355E+002,-1.2984523E-001, 4.3948659E+000, 0.0000000E+000,-2.0349758E-001, 3.4175579E+000, 0.0000000E+000, 9.0398744E-002, 0.0000000E+000, 4.1945252E+004
 1.9701685E+002, 5.3540895E+002, 0.0000000E+000,-3.4384008E+002,-6.1815479E-001,-2.3305457E+002,-1.4337061E-001,-7.8712940E+000, 0.0000000E+000,-4.4747765E+001,-5.0118522E+001, 0.0000000E+000, 9.1297322E-002, 0.0000000E+000, 4.1899071E+004
 1.9803918E+002, 5.2947448E+002, 0.0000000E+000,-3.4375624E+002,-6.2859758E-001,-2.3397042E+002,-1.3366910E-001,-9.9743520E+000, 0.0000000E+000,-5.4564035E+001,-5.8988801E+001, 0.0000000E+000, 9.2224599E-002, 0.0000000E+000, 4.1837012E+004
 1.9903632E+002, 5.1905094E+002, 0.0000000E+000,-3.3715890E+002,-6.5980755E-001,-2.3370809E+002,-1.1745001E-001,-1.1619664E+001, 0.0000000E+000,-6.5259008E+001,-6.4212969E+001, 0.0000000E+000, 9.3161706E-002, 0.0000000E+000, 4.1760653E+004
 2.0003011E+002, 5.8667486E+002, 0.0000000E+000,-3.4799773E+002,-6.6526637E-001,-2.3313170E+002,-1.1330511E-001, 9.2884287E+000, 0.0000000E+000, 1.0596929E+001, 1.4055280E+001, 0.0000000E+000, 9.4063286E-002, 0.0000000E+000, 4.1814724E+004
 2.0100056E+002, 6.3724039E+002, 0.0000000E+000,-3.5624345E+002,-6.5297116E-001,-2.3276819E+002,-1.3128689E-001, 2.5233074E+001, 0.0000000E+000, 7.2125269E+001, 7.2677561E+001, 0.0000000E+000, 9.4969321E-002, 0.0000000E+000, 4.1968626E+004
 2.0200500E+002, 6.4360124E+002, 0.0000000E+000,-3.5591908E+002,-6.6161179E-001,-2.3408391E+002,-1.2987326E-001, 2.8117422E+001, 0.0000000E+000, 8.1473760E+001, 8.0924193E+001, 0.0000000E+000, 9.5864291E-002, 0.0000000E+000, 4.2147310E+004
 2.0301221E+002, 7.2096355E+002, 0.0000000E+000,-3.6637536E+002,-6.8139268E-001,-2.3632304E+002,-1.2805263E-001, 5.1189537E+001, 0.0000000E+000, 1.7019734E+002, 1.6864525E+002, 0.0000000E+000, 9.6792774E-002, 0.0000000E+000, 4.2476014E+004
 2.0403583E+002, 6.7586896E+002, 0.0000000E+000,-3.5928447E+002,-6.8082534E-001,-2.3935400E+002,-1.2668494E-001, 3.6992242E+001, 0.0000000E+000, 1.1708628E+002, 1.1341522E+002, 0.0000000E+000, 9.7721605E-002, 0.0000000E+000, 4.2719196E+004
 2.0500734E+002, 6.2818373E+002, 0.0000000E+000,-3.5211117E+002,-7.0568140E-001,-2.4052564E+002,-1.1869822E-001, 2.2734524E+001, 0.0000000E+000, 6.0997055E+001, 5.7457065E+001, 0.0000000E+000, 9.8638558E-002, 0.0000000E+000, 4.2861933E+004
 2.0603574E+002, 6.1890254E+002, 0.0000000E+000,-3.5390988E+002,-7.0911511E-001,-2.4098330E+002,-1.0582495E-001, 1.7284645E+001, 0.0000000E+000, 4.0968312E+001, 4.0479075E+001, 0.0000000E+000, 9.9543183E-002, 0.0000000E+000, 4.2974129E+004
 2.0700584E+002, 6.0889129E+002, 0.0000000E+000,-3.4820811E+002,-7.1539339E-001,-2.4156455E+002,-1.2364751E-001, 1.4806680E+001, 0.0000000E+000, 3.1785443E+001, 3.3086258E+001, 0.0000000E+000, 1.0047398E-001, 0.0000000E+000, 4.3063197E+004
 2.0803101E+002, 5.9638616E+002, 0.0000000E+000,-3.4684489E+002,-7.2324368E-001,-2.4112725E+002,-1.2030937E-001, 1.1749076E+001, 0.0000000E+000, 2.2312335E+001, 1.9319545E+001, 0.0000000E+000, 1.0138632E-001, 0.0000000E+000, 4.3141558E+004
 2.0904887E+002, 5.9328742E+002, 0.0000000E+000,-3.4445893E+002,-7.3790565E-001,-2.4015485E+002,-1.0220334E-001, 1.1663032E+001, 0.0000000E+000, 2.5688997E+001, 1.9496553E+001, 0.0000000E+000, 1.0232317E-001, 0.0000000E+000, 4.3221846E+004
 2.1004221E+002, 5.6540821E+002, 0.0000000E+000,-3.3635660E+002,-7.5786350E-001,-2.3785279E+002,-1.0305967E-001, 4.6948493E+000, 0.0000000E+000,-6.4844041E+000,-4.9672537E+000, 0.0000000E+000, 1.0324147E-001, 0.0000000E+000, 4.3248818E+004
 2.1101416E+002, 5.9877168E+002, 0.0000000E+000,-3.3759790E+002,-7.5503865E-001,-2.3618542E+002,-1.0163344E-001, 1.7518087E+001, 0.0000000E+000, 4.2205058E+001, 4.1649772E+001, 0.0000000E+000, 1.0422065E-001, 0.0000000E+000, 4.3356509E+004
 2.1201164E+002, 5.5069490E+002, 0.0000000E+000,-3.2735043E+002,-7.7089112E-001,-2.3516888E+002,-1.0113148E-001, 3.5214470E+000, 0.0000000E+000,-6.6609869E+000,-9.1749815E+000, 0.0000000E+000, 1.0526236E-001, 0.0000000E+000, 4.3380088E+004
 2.1304570E+002, 4.7663266E+002, 0.0000000E+000,-3.2012904E+002,-7.9799203E-001,-2.3458040E+002,-9.0809317E-002,-1.9746880E+001, 0.0000000E+000,-9.3854698E+001,-9.8712463E+001, 0.0000000E+000, 1.0633966E-001, 0.0000000E+000, 4.3254019E+004
 2.1402335E+002, 4.4420021E+002, 0.0000000E+000,-3.1168073E+002,-7.8776302E-001,-2.3266387E+002,-9.9888906E-002,-2.8867336E+001, 0.0000000E+000,-1.2430389E+002,-1.2989938E+002, 0.0000000E+000, 1.0740078E-001, 0.0000000E+000, 4.3078438E+004
 2.1500916E+002, 4.3467443E+002, 0.0000000E+000,-3.0346006E+002,-7.9913609E-001,-2.2977841E+002,-9.9996801E-002,-2.9637846E+001, 0.0000000E+000,-1.3043208E+002,-1.2910101E+002, 0.0000000E+000, 1.0843666E-001, 0.0000000E+000, 4.2890048E+004
 2.1603584E+002, 4.6796397E+002, 0.0000000E+000,-3.0611028E+002,-8.0877681E-001,-2.2684955E+002,-9.6298925E-002,-1.6371386E+001, 0.0000000E+000,-8.3009390E+001,-8.2272322E+001, 0.0000000E+000, 1.0952032E-001, 0.0000000E+000, 4.2780964E+004
 2.1704776E+002, 4.5852833E+002, 0.0000000E+000,-3.0253645E+002,-8.2072085E-001,-2.2506097E+002,-9.5251919E-002,-1.8142463E+001, 0.0000000E+000,-8.8747040E+001,-8.8127521E+001, 0.0000000E+000, 1.1058783E-001, 0.0000000E+000, 4.2662518E+004
 2.1803166E+002, 4.7004583E+002, 0.0000000E+000,-3.0454730E+002,-8.1979598E-001,-2.2414872E+002,-1.0704525E-001,-1.4415344E+001, 0.0000000E+000,-6.8232294E+001,-7.3992373E+001, 0.0000000E+000, 1.1163816E-001, 0.0000000E+000, 4.2576503E+004
 2.1902333E+002, 4.2358645E+002, 0.0000000E+000,-2.9441565E+002,-8.2177860E-001,-2.2271779E+002,-1.1220195E-001,-2.5835915E+001, 0.0000000E+000,-1.1983374E+002,-1.2031689E+002, 0.0000000E+000, 1.1268429E-001, 0.0000000E+000, 4.2412492E+004
 2.2003120E+002, 4.5425784E+002, 0.0000000E+000,-2.9571739E+002,-8.3822280E-001,-2.2042357E+002,-1.0501724E-001,-1.4585680E+001, 0.0000000E+000,-7.7213513E+001,-7.7412037E+001, 0.0000000E+000, 1.1372955E-001, 0.0000000E+000, 4.2318072E+004
 2.2105048E+002, 4.4134122E+002, 0.0000000E+000,-2.8850543E+002,-8.5037917E-001,-2.1860800E+002,-1.0447281E-001,-1.7234379E+001, 0.0000000E+000,-8.7162063E+001,-8.3961446E+001, 0.0000000E+000, 1.1480890E-001, 0.0000000E+000, 4.2202208E+004
 2.2203839E+002, 4.1633466E+002, 0.0000000E+000,-2.7959506E+002,-8.5053417E-001,-2.1642332E+002,-9.6061350E-002,-2.2620532E+001, 0.0000000E+000,-9.6482231E+001,-1.0325085E+002, 0.0000000E+000, 1.1587866E-001, 0.0000000E+000, 4.2065239E+004
 2.2303186E+002, 3.7234776E+002, 0.0000000E+000,-2.7539778E+002,-8.8624262E-001,-2.1372538E+002,-8.6128620E-002,-3.5152993E+001, 0.0000000E+000,-1.4899571E+002,-1.5290076E+002, 0.0000000E+000, 1.1691722E-001, 0.0000000E+000, 4.1845506E+004
 2.2400694E+002, 3.5169677E+002, 0.0000000E+000,-2.6900140E+002,-8.8432906E-001,-2.1138193E+002,-9.0104403E-002,-3.9954590E+001, 0.0000000E+000,-1.6769272E+002,-1.6961559E+002, 0.0000000E+000, 1.1796069E-001, 0.0000000E+000, 4.1598301E+004
 2.2500334E+002, 3.6958774E+002, 0.0000000E+000,-2.7057406E+002,-8.9384141E-001,-2.0979639E+002,-8.7800082E-002,-3.4205225E+001, 0.0000000E+000,-1.5336215E+002,-1.4596959E+002, 0.0000000E+000, 1.1900359E-001, 0.0000000E+000, 4.1373126E+004
 2.2602083E+002, 3.7605705E+002, 0.0000000E+000,-2.6914526E+002,-9.2303964E-001,-2.0785677E+002,-8.7282425E-002,-2.9120258E+001, 0.0000000E+000,-1.2394640E+002,-1.3107556E+002, 0.0000000E+000, 1.2005927E-001, 0.0000000E+000, 4.1191106E+004
 2.2704243E+002, 3.0960414E+002, 0.0000000E+000,-2.5416156E+002,-8.9917600E-001,-2.0517041E+002,-9.3905137E-002,-4.7928337E+001, 0.0000000E+000,-2.0202257E+002,-1.9864925E+002, 0.0000000E+000, 1.2114012E-001, 0.0000000E+000, 4.0874777E+004
 2.2803229E+002, 3.2099978E+002, 0.0000000E+000,-2.5316558E+002,-9.2627990E-001,-2.0076097E+002,-9.3304240E-002,-4.0903904E+001, 0.0000000E+000,-1.7568456E+002,-1.7485026E+002, 0.0000000E+000, 1.2220213E-001, 0.0000000E+000, 4.0615460E+004
 2.2900502E+002, 3.3620858E+002, 0.0000000E+000,-2.5107670E+002,-9.2210993E-001,-1.9749155E+002,-9.9458048E-002,-3.2553523E+001, 0.0000000E+000,-1.3857489E+002,-1.4593477E+002, 0.0000000E+000, 1.2325555E-001, 0.0000000E+000, 4.0419996E+004
 2.3005440E+002, 3.1176698E+002, 0.0000000E+000,-2.4363085E+002,-9.3695480E-001,-1.9442330E+002,-1.0096521E-001,-3.8332060E+001, 0.0000000E+000,-1.6522674E+002,-1.6565715E+002, 0.0000000E+000, 1.2431525E-001, 0.0000000E+000, 4.0163429E+004
 2.3101489E+002, 2.9808503E+002, 0.0000000E+000,-2.3935414E+002,-9.1906000E-001,-1.9172418E+002,-9.8920159E-002,-4.0996525E+001, 0.0000000E+000,-1.7839403E+002,-1.7500779E+002, 0.0000000E+000, 1.2537757E-001, 0.0000000E+000, 3.9908590E+004
 2.3200764E+002, 3.0457432E+002, 0.0000000E+000,-2.3635813E+002,-9.6442097E-001,-1.8943269E+002,-9.2492634E-002,-3.5735373E+001, 0.0000000E+000,-1.5648859E+002,-1.5800879E+002, 0.0000000E+000, 1.2641182E-001, 0.0000000E+000, 3.9683438E+004
 2.3303645E+002, 2.6818149E+002, 0.0000000E+000,-2.2772720E+002,-9.7767448E-001,-1.8686121E+002,-8.7218696E-002,-4.4267753E+001, 0.0000000E+000,-1.9004248E+002,-1.9173956E+002, 0.0000000E+000, 1.2748403E-001, 0.0000000E+000, 3.9394221E+004
 2.3404199E+002, 2.6759688E+002, 0.0000000E+000,-2.2539341E+002,-9.7703555E-001,-1.8366141E+002,-8.2557257E-002,-4.1253282E+001, 0.0000000E+000,-1.8051682E+002,-1.8377082E+002, 0.0000000E+000, 1.2856060E-001, 0.0000000E+000, 3.9132373E+004
 2.3503935E+002, 2.9709103E+002, 0.0000000E+000,-2.2484003E+002,-9.9582369E-001,-1.8034933E+002,-7.4933459E-002,-3.0931861E+001, 0.0000000E+000,-1.4582892E+002,-1.4010095E+002, 0.0000000E+000, 1.2961999E-001, 0.0000000E+000, 3.8929860E+004
 2.3602029E+002, 3.1397404E+002, 0.0000000E+000,-2.2518329E+002,-1.0054558E+000,-1.7797239E+002,-7.7498134E-002,-2.2596590E+001, 0.0000000E+000,-1.1259463E+002,-1.1286118E+002, 0.0000000E+000, 1.3065388E-001, 0.0000000E+000, 3.8788226E+004
 2.3705415E+002, 3.3119667E+002, 0.0000000E+000,-2.2705291E+002,-9.9677634E-001,-1.7626343E+002,-9.4357217E-002,-1.6297849E+001, 0.0000000E+000,-8.4893815E+001,-8.9508650E+001, 0.0000000E+000, 1.3173001E-001, 0.0000000E+000, 3.8684751E+004
 2.3801576E+002, 3.0055727E+002, 0.0000000E+000,-2.1628316E+002,-1.0120327E+000,-1.7393148E+002,-9.3248863E-002,-2.2764420E+001, 0.0000000E+000,-1.1491394E+002,-1.1352707E+002, 0.0000000E+000, 1.3277225E-001, 0.0000000E+000, 3.8543248E+004
 2.3905116E+002, 3.1967740E+002, 0.0000000E+000,-2.1950635E+002,-1.0208307E+000,-1.7194902E+002,-9.2822550E-002,-1.6140266E+001, 0.0000000E+000,-9.4666293E+001,-8.9031887E+001, 0.0000000E+000, 1.3384385E-001, 0.0000000E+000, 3.8430630E+004
 2.4003610E+002, 3.5567701E+002, 0.0000000E+000,-2.2081805E+002,-1.0438429E+000,-1.7020829E+002,-8.5074958E-002,-1.5913526E+000, 0.0000000E+000,-3.8275680E+001,-3.8069608E+001, 0.0000000E+000, 1.3491121E-001, 0.0000000E+000, 3.8419512E+004
 2.4103096E+002, 3.6390527E+002, 0.0000000E+000,-2.2076480E+002,-1.0401330E+000,-1.6939889E+002,-8.0723822E-002, 2.2163133E+000, 0.0000000E+000,-2.1194248E+001,-2.5162969E+001, 0.0000000E+000, 1.3599344E-001, 0.0000000E+000, 3.8436891E+004
 2.4203423E+002, 3.3132621E+002, 0.0000000E+000,-2.1328913E+002,-1.0567475E+000,-1.6832956E+002,-7.8969895E-002,-6.0577998E+000, 0.0000000E+000,-5.5155244E+001,-5.7485998E+001, 0.0000000E+000, 1.3712434E-001, 0.0000000E+000, 3.8399702E+004
 2.4301872E+002, 3.5290344E+002, 0.0000000E+000,-2.1482268E+002,-1.0626772E+000,-1.6700720E+002,-7.8104886E-002, 9.5040301E-001, 0.0000000E+000,-3.3092132E+001,-2.9116825E+001, 0.0000000E+000, 1.3824205E-001, 0.0000000E+000, 3.8401233E+004
 2.4401137E+002, 3.9068733E+002, 0.0000000E+000,-2.2121778E+002,-1.0800357E+000,-1.6611307E+002,-8.5931145E-002, 1.3767620E+001, 0.0000000E+000, 1.4988841E+001, 1.5958129E+001, 0.0000000E+000, 1.3934401E-001, 0.0000000E+000, 3.8486594E+004
 2.4502267E+002, 4.1392334E+002, 0.0000000E+000,-2.2151612E+002,-1.0548680E+000,-1.6557645E+002,-9.1560230E-002, 2.2234126E+001, 0.0000000E+000, 4.4622935E+001, 4.7918470E+001, 0.0000000E+000, 1.4049006E-001, 0.0000000E+000, 3.8625741E+004
 2.4601436E+002, 4.4686969E+002, 0.0000000E+000,-2.2569486E+002,-1.0622347E+000,-1.6573490E+002,-1.0259683E-001, 3.3391426E+001, 0.0000000E+000, 8.6725620E+001, 8.7666527E+001, 0.0000000E+000, 1.4161570E-001, 0.0000000E+000, 3.8834988E+004
 2.4703735E+002, 4.6157088E+002, 0.0000000E+000,-2.2651819E+002,-1.0913327E+000,-1.6685379E+002,-1.0004091E-001, 3.8314658E+001, 0.0000000E+000, 1.0437166E+002, 1.0532218E+002, 0.0000000E+000, 1.4274549E-001, 0.0000000E+000, 3.9083038E+004
 2.4804335E+002, 4.9808316E+002, 0.0000000E+000,-2.3322513E+002,-1.1125009E+000,-1.6804317E+002,-9.7002356E-002, 4.9098844E+001, 0.0000000E+000, 1.4326090E+002, 1.4470420E+002, 0.0000000E+000, 1.4388433E-001, 0.0000000E+000, 3.9395489E+004
 2.4901016E+002, 4.5097269E+002, 0.0000000E+000,-2.2526412E+002,-1.1146117E+000,-1.6983715E+002,-9.5756208E-002, 3.5494854E+001, 0.0000000E+000, 9.8946923E+001, 9.0155910E+001, 0.0000000E+000, 1.4499622E-001, 0.0000000E+000, 3.9621993E+004
 2.5004509E+002, 4.0735691E+002, 0.0000000E+000,-2.1834429E+002,-1.0903568E+000,-1.7215166E+002,-9.9990258E-002, 1.9485028E+001, 0.0000000E+000, 3.6263506E+001, 3.5155636E+001, 0.0000000E+000, 1.4612248E-001, 0.0000000E+000, 3.9750886E+004
 2.5105750E+002, 3.8413540E+002, 0.0000000E+000,-2.1583368E+002,-1.1361059E+000,-1.7258223E+002,-9.5426664E-002, 1.1520585E+001, 0.0000000E+000, 8.0914554E+000, 6.0085505E+000, 0.0000000E+000, 1.4727933E-001, 0.0000000E+000, 3.9826625E+004
 2.5204453E+002, 3.5488879E+002, 0.0000000E+000,-2.1408656E+002,-1.1417797E+000,-1.7264008E+002,-8.0619424E-002, 1.8715703E+000, 0.0000000E+000,-2.6505917E+001,-3.1188678E+001, 0.0000000E+000, 1.4840631E-001, 0.0000000E+000, 3.9842322E+004
 2.5301065E+002, 2.8222146E+002, 0.0000000E+000,-2.0193989E+002,-1.1615890E+000,-1.7258121E+002,-7.3924993E-002,-2.0965478E+001, 0.0000000E+000,-1.1015511E+002,-1.1450063E+002, 0.0000000E+000, 1.4949939E-001, 0.0000000E+000, 3.9717063E+004
 2.5405875E+002, 1.8142320E+002, 0.0000000E+000,-1.8231577E+002,-1.1692995E+000,-1.7123926E+002,-7.6603277E-002,-5.0706970E+001, 0.0000000E+000,-2.1658050E+002,-2.2408470E+002, 0.0000000E+000, 1.5000000E-001, 0.0000000E+000, 3.9385851E+004
 2.5501431E+002, 8.1629086E+001, 0.0000000E+000,-1.6669481E+002,-1.1626472E+000,-1.6838369E+002,-8.0192022E-002,-8.1604169E+001, 0.0000000E+000,-3.2986927E+002,-3.3629642E+002, 0.0000000E+000, 1.5000000E-001, 0.0000000E+000, 3.8894796E+004
 2.5602048E+002, 4.1617192E+001, 0.0000000E+000,-1.6011307E+002,-1.2046400E+000,-1.6468944E+002,-8.0635651E-002,-9.3357303E+001, 0.0000000E+000,-3.7586799E+002,-3.7782790E+002, 0.0000000E+000, 1.5000000E-001, 0.0000000E+000, 3.8298107E+004
 2.5703748E+002, 1.6509998E+001, 0.0000000E+000,-1.5406891E+002,-1.1234434E+000,-1.6005783E+002,-8.6834955E-002,-9.8910632E+001, 0.0000000E+000,-3.9636838E+002,-3.9773765E+002, 0.0000000E+000, 1.5000000E-001, 0.0000000E+000, 3.7658261E+004
 2.5807965E+002, 4.7591719E+000, 0.0000000E+000,-1.4754597E+002,-1.1175423E+000,-1.5456448E+002,-8.1403925E-002,-9.9143313E+001, 0.0000000E+000,-3.9720861E+002,-3.9769354E+002, 0.0000000E+000, 1.5000000E-001, 0.0000000E+000, 3.7000000E+004
 2.5903470E+002, 1.6337241E+000, 0.0000000E+000,-1.4288168E+002,-1.1593187E+000,-1.4896435E+002,-8.0761879E-002,-9.6536962E+001, 0.0000000E+000,-3.8785028E+002,-3.8798935E+002, 0.0000000E+000, 1.5000000E-001, 0.0000000E+000, 3.6412435E+004
 2.6000000E+002, 4.6359753E-001, 0.0000000E+000,-1.3788860E+002,-1.1895660E+000,-1.4369591E+002,-7.7864021E-002,-9.3115143E+001, 0.0000000E+000,-3.7594593E+002,-3.7550348E+002, 0.0000000E+000, 1.5000000E-001, 0.0000000E+000, 3.5839103E+004
