name,required,pass,category,reason,actual,expected,tolerance,minimum,maximum,diff_over_tol,tol_over_expected,note
cfast_t60_temp_upper_c,False,True,NON_GATING,required=False,73.85,44.66,35.0,,,0.834,0.784,Non-gating growth-phase calibration check.
cfast_t60_o2,False,True,NON_GATING,required=False,0.2076,0.20047,0.015,,,0.475,0.075,Non-gating growth-phase calibration check.
cfast_t120_temp_upper_c,False,True,NON_GATING,required=False,178.01,121.88,60.0,,,0.935,0.492,Non-gating growth-phase calibration check.
cfast_t120_o2,False,True,NON_GATING,required=False,0.197,0.18455,0.022,,,0.566,0.119,Non-gating growth-phase calibration check.
cfast_t240_o2_depleted,True,True,FITTED,|diff|/tol=0.996 > 0.85,0.0632,0.085108,0.022,,,0.996,0.258,Deep O2 depletion by t=240s (CFAST ULO2=8.51%). Uses SF o2_upper (apples-to-apples after entrainment fix).
cfast_t240_hrr_ventilation_limited,False,True,NON_GATING,required=False,528.91,,,,560.0,,,Structural gap (Phase 2): fire uses room-avg O2 (not upper-zone O2=8.51%) → cannot self-limit. CFAST: 276 kW. SF: 528.9 kW. Will become gating after Fase 2.
cfast_t240_hrr_structural_ratio,False,True,NON_GATING,required=False,1.915,,,,2.5,,,GAP-8 closed: fire_o2_upper_hrr_blend opt-in parameter implemented. SF/CFAST HRR ratio at t=240 = 1.92x (SF: 529 kW vs CFAST: 276 kW). Structural: room-avg O2 vs upper-zone O2. Target <1.5x after Phase-3 two-zone calibration.
cfast_t350_hrr_kw,True,True,A_PRIORI,no heuristic triggered,271.57,288.362,90.0,,,0.187,0.312,
cfast_t350_o2,True,True,A_PRIORI,no heuristic triggered,0.0693,0.06597990000000001,0.015,,,0.221,0.227,
cfast_t350_temp_upper_c,True,True,A_PRIORI,no heuristic triggered,149.53,173.024,80.0,,,0.294,0.462,
cfast_t350_temp_lower_c,True,True,VACUOUS,tol/|expected|=0.676 > 0.5,65.28,66.527,45.0,,,0.028,0.676,
cfast_t350_hot_layer_m,True,True,FITTED,|diff|/tol=0.940 > 0.85,0.57,0.1,0.5,,,0.940,5.000,
cfast_t350_co_upper_ppm,True,True,A_PRIORI,no heuristic triggered,772.0,688.912,320.0,,,0.260,0.465,CO upper layer pre-opening (CFAST: ~690 ppm).
cfast_t360_hrr_kw,True,True,A_PRIORI,no heuristic triggered,223.2,288.362,90.0,,,0.724,0.312,
cfast_t360_o2,True,True,A_PRIORI,no heuristic triggered,0.0664,0.0645067,0.015,,,0.126,0.233,
cfast_t360_temp_upper_c,True,True,A_PRIORI,no heuristic triggered,142.46,173.161,80.0,,,0.384,0.462,
cfast_t360_temp_lower_c,True,True,VACUOUS,tol/|expected|=0.673 > 0.5,66.76,66.8639,45.0,,,0.002,0.673,
cfast_t360_hot_layer_m,True,True,FITTED,|diff|/tol=0.982 > 0.85,0.64,0.1,0.55,,,0.982,5.500,
cfast_t360_co_upper_ppm,True,True,A_PRIORI,no heuristic triggered,809.0,693.9639999999999,320.0,,,0.359,0.461,CO upper layer pre-opening (CFAST: ~690 ppm).
cfast_t350_co2_upper_ppm,False,True,NON_GATING,required=False,136615.0,110600.0,28000.0,,,0.929,0.253,Non-gating: requires CO2u= key in log (updated SimulationLogWriter).
cfast_t420_co2_upper_ppm,False,True,NON_GATING,required=False,77868.0,60800.0,22000.0,,,0.776,0.362,Non-gating: requires CO2u= key in log (updated SimulationLogWriter).
cfast_t510_co2_upper_ppm,False,True,NON_GATING,required=False,35706.0,52300.00000000001,20000.0,,,0.830,0.382,Non-gating: requires CO2u= key in log (updated SimulationLogWriter).
cfast_t350_co2_upper_strat_min,True,True,A_PRIORI,no heuristic triggered,136615.0,,,50000.0,,,,"Phase 2B: fire-room CO2 upper ≥5 mol% at t=350s pre-window-opening (SF=13.66%, CFAST=11.06%)."
cfast_t380_hrr_recovering,True,True,A_PRIORI,no heuristic triggered,787.23,,,300.0,,,,
cfast_t380_upper_temp_bounded,True,True,A_PRIORI,no heuristic triggered,285.66,,,,500.0,,,
cfast_t380_o2_recovered,True,True,A_PRIORI,no heuristic triggered,0.1294,,,0.1,,,,
cfast_t420_hrr_kw,False,True,NON_GATING,required=False,1266.35,1280.0,260.0,,,0.053,0.203,"CMV-1: post-opening HRR — room-avg O2 suppresses fire vs CFAST upper-zone O2 (structural gap, Fase 2)."
cfast_t420_o2,True,True,A_PRIORI,no heuristic triggered,0.1492,0.132032,0.05,,,0.343,0.379,
cfast_t420_temp_upper_c,True,True,A_PRIORI,no heuristic triggered,317.43,300.931,80.0,,,0.206,0.266,
cfast_t420_hot_layer_m,False,True,NON_GATING,required=False,1.01,1.01963,0.55,,,0.018,0.539,"CMV-1: post-opening hot_layer_m — outflow not modelled → upper_gas stays large → layer=0.0 vs CFAST 1.02m (structural gap, Fase 2)."
cfast_t420_co_upper_ppm,False,True,NON_GATING,required=False,100.0,378.838,350.0,,,0.797,0.924,"CMV-1: post-opening CO upper — suppressed fire and no layer stratification (structural gap, Fase 2)."
cfast_t510_hrr_kw,False,True,NON_GATING,required=False,1273.84,1280.0,260.0,,,0.024,0.203,"CMV-1: post-opening HRR — room-avg O2 suppresses fire vs CFAST upper-zone O2 (structural gap, Fase 2)."
cfast_t510_o2,True,True,A_PRIORI,no heuristic triggered,0.1495,0.142756,0.05,,,0.135,0.350,
cfast_t510_temp_upper_c,True,True,A_PRIORI,no heuristic triggered,309.41,307.378,80.0,,,0.025,0.260,
cfast_t510_hot_layer_m,False,True,NON_GATING,required=False,1.01,1.02438,0.55,,,0.026,0.537,"CMV-1: post-opening hot_layer_m — outflow not modelled → upper_gas stays large → layer=0.0 vs CFAST 1.02m (structural gap, Fase 2)."
cfast_t510_co_upper_ppm,False,True,NON_GATING,required=False,100.0,325.76300000000003,350.0,,,0.645,1.074,"CMV-1: post-opening CO upper — suppressed fire and no layer stratification (structural gap, Fase 2)."
cfast_fed_heat_not_explosive,False,True,NON_GATING,required=False,nan,,,,10.0,,,"CMV-1: FED elevated due to prolonged O2-limited combustion with no hot-gas outflow (structural gap, Fase 2)."
cfast_no_temperature_cap,True,True,A_PRIORI,no heuristic triggered,0.0,0.0,0.0,,,,,
cfast_t350_pressure_pa,False,True,NON_GATING,required=False,6.57,167.461,162.9,,,0.988,0.973,CMV-1: window-vented scenario pressure — CFAST ~0 Pa post-opening; t=350 sealed structural gap.
cfast_t420_pressure_pa,False,True,NON_GATING,required=False,1.89,-5.46443,20.0,,,0.368,3.660,CMV-1: window-vented scenario pressure — CFAST ~0 Pa post-opening; t=350 sealed structural gap.
cfast_t510_pressure_pa,False,True,NON_GATING,required=False,1.85,-5.4811,20.0,,,0.367,3.649,CMV-1: window-vented scenario pressure — CFAST ~0 Pa post-opening; t=350 sealed structural gap.
cfast_t350_o2_lower,False,True,NON_GATING,required=False,0.0693,0.204932,0.138,,,0.983,0.673,Fase 2A: lower-zone O2 (CFAST LLO2 near ambient; SF o2_lower now tracked independently — gap closes with two-zone doorway flow).
cfast_t350_co_lower_ppm,False,True,NON_GATING,required=False,0.0,0.0,150.0,,,0.000,,Fase 2C: lower-zone CO now tracked via co_upper_kg; COl= ≈ 0 vs CFAST LLCO ≈ 0.
cfast_t420_o2_lower,False,True,NON_GATING,required=False,0.1658,0.187821,0.023,,,0.957,0.122,Fase 2A: lower-zone O2 (CFAST LLO2 near ambient; SF o2_lower now tracked independently — gap closes with two-zone doorway flow).
cfast_t420_co_lower_ppm,False,True,NON_GATING,required=False,0.0,88.149,150.0,,,0.588,1.702,Fase 2C: lower-zone CO now tracked via co_upper_kg; COl= ≈ 0 vs CFAST LLCO ≈ 0.
cfast_t510_o2_lower,False,True,NON_GATING,required=False,0.1893,0.192407,0.015,,,0.207,0.078,Fase 2A: lower-zone O2 (CFAST LLO2 near ambient; SF o2_lower now tracked independently — gap closes with two-zone doorway flow).
cfast_t510_co_lower_ppm,False,True,NON_GATING,required=False,0.0,65.61540000000001,150.0,,,0.437,2.286,Fase 2C: lower-zone CO now tracked via co_upper_kg; COl= ≈ 0 vs CFAST LLCO ≈ 0.
cfast_rmse_temp_upper_c,True,True,A_PRIORI,no heuristic triggered,34.26232514371513,,,,60.0,,,"CMV-2 Stage-E: temp_upper RMSE ≤ 60°C full simulation (SF=34.3°C, margin 25°C)."
cfast_rmse_o2,False,True,NON_GATING,required=False,0.019794883750203083,,,,0.025,,,CMV-2: O2 RMSE(o2_upper vs ULO2) ≤ 0.025 pre-opening t=0–360s. Apples-to-apples after Fase 1A.
cfast_rmse_hrr_kw,True,True,A_PRIORI,no heuristic triggered,166.4839054165354,,,,300.0,,,"CMV-2 Stage-E: HRR RMSE ≤ 300 kW full simulation (SF=166.5kW, margin 133kW)."
cfast_rmse_co_upper_ppm,True,True,A_PRIORI,no heuristic triggered,220.67056771290206,,,,400.0,,,"CMV-2 Stage-E: CO upper RMSE ≤ 400 ppm full simulation (SF=220.7ppm, margin 179ppm)."
cfast_rmse_hot_layer_m,False,True,NON_GATING,required=False,0.9524625557667609,,,,1.05,,,CMV-2: hot_layer_m RMSE ≤ 1.05 m full simulation. One-zone SF bulk interface vs two-zone CFAST stratified interface — structural gap (Fase 2 two-zone architecture).
cfast_peak_temp_upper_pre_open,True,True,A_PRIORI,no heuristic triggered,244.15,,,100.0,500.0,,,"1.5B Stage-D: pre-opening peak temp_upper in [100,500]°C (CFAST ~210°C at t=300s; SF=244°C). Fire development guard."
cfast_peak_temp_timing_pre_open,False,True,NON_GATING,required=False,240.0,200.0,60.0,,,0.667,0.300,1.5B: pre-opening peak temp_upper timing within ±60s of CFAST.
cfast_peak_co_upper_post_open,True,True,A_PRIORI,no heuristic triggered,809.0,,,200.0,,,,1.5B Stage-D: post-opening CO upper peak >= 200 ppm (SF=809 ppm; one-zone dilutes CO structurally but still far above threshold). CO-spike guard.
cfast_t120_wall_T_mid_c,False,True,NON_GATING,required=False,20.2,25.7533,40.0,,,0.139,1.553,1.5A: wall mid-node temp vs CFAST upper-wall at t=120s (non-gating — one-zone boundary condition).
cfast_t240_wall_T_mid_c,False,True,NON_GATING,required=False,21.0,49.0758,40.0,,,0.702,0.815,1.5A: wall mid-node temp vs CFAST upper-wall at t=240s (non-gating — one-zone boundary condition).
cfast_t360_wall_T_mid_c,False,True,NON_GATING,required=False,23.0,50.0592,40.0,,,0.676,0.799,1.5A: wall mid-node temp vs CFAST upper-wall at t=360s (non-gating — one-zone boundary condition).
cfast_t420_wall_T_mid_c,False,True,NON_GATING,required=False,23.2,73.1612,51.0,,,0.980,0.697,1.5A: wall mid-node temp vs CFAST upper-wall at t=420s (non-gating — one-zone boundary condition).
cfast_t510_wall_T_mid_c,False,True,NON_GATING,required=False,23.5,90.6679,70.0,,,0.960,0.772,1.5A: wall mid-node temp vs CFAST upper-wall at t=510s (non-gating — one-zone boundary condition).
cfast_closed_t210_o2,False,True,NON_GATING,required=False,0.0888,0.0911866,0.018,,,0.133,0.197,"CMV-1: t=210 o2_upper gap — hot layer fills room, homogenization prevents two-zone stratification (structural gap, Fase 2)."
cfast_closed_t210_temp_upper_c,True,True,A_PRIORI,no heuristic triggered,204.79,265.736,80.0,,,0.762,0.301,
cfast_closed_t210_co_upper_ppm,True,True,VACUOUS,tol/|expected|=1.008 > 0.5,1046.0,594.979,600.0,,,0.752,1.008,
cfast_closed_t300_o2,True,True,A_PRIORI,no heuristic triggered,0.0684,0.07402199999999999,0.018,,,0.312,0.243,
cfast_closed_t300_temp_upper_c,True,True,A_PRIORI,no heuristic triggered,215.75,173.005,80.0,,,0.534,0.462,
cfast_closed_t300_co_upper_ppm,True,True,VACUOUS,tol/|expected|=0.908 > 0.5,1020.0,660.5329999999999,600.0,,,0.599,0.908,
cfast_closed_t450_o2,True,True,A_PRIORI,no heuristic triggered,0.0429,0.0531661,0.018,,,0.570,0.339,
cfast_closed_t450_temp_upper_c,True,True,A_PRIORI,no heuristic triggered,124.04,174.794,80.0,,,0.634,0.458,
cfast_closed_t450_co_upper_ppm,True,True,FITTED,|diff|/tol=0.992 > 0.85,1326.0,731.046,600.0,,,0.992,0.821,
cfast_closed_t60_pressure_pa,False,True,NON_GATING,required=False,67.81,124.018,68.0,,,0.827,0.548,CMV-1: Phase 3 pressure ODE — non-gating gap (SF fire persists vs CFAST extinction).
cfast_closed_t60_co2_upper_pct,False,True,NON_GATING,required=False,0.6491,0.374868,3.0,,,0.091,8.003,CMV-1: CO2 upper layer mol% — one-zone over-mixes vs two-zone (structural gap).
cfast_closed_t120_pressure_pa,True,True,FITTED,|diff|/tol=0.852 > 0.85,1192.38,1022.07,200.0,,,0.852,0.196,"Phase 3 ODE: thermodynamic pressure. Post-PHY-B1 SF=1192 Pa vs CFAST=1022 Pa at t=120s (diff=170, tol=200)."
cfast_closed_t120_co2_upper_pct,False,True,NON_GATING,required=False,2.2648,1.71445,3.0,,,0.183,1.750,CMV-1: CO2 upper layer mol% — one-zone over-mixes vs two-zone (structural gap).
cfast_closed_t240_pressure_pa,False,True,NON_GATING,required=False,7135.97,12.7462,7200.0,,,0.989,564.874,CMV-1: Phase 3 pressure ODE — non-gating gap (SF fire persists vs CFAST extinction).
cfast_closed_t240_co2_upper_pct,False,True,NON_GATING,required=False,10.0554,9.94217,3.0,,,0.038,0.302,CMV-1: CO2 upper layer mol% — one-zone over-mixes vs two-zone (structural gap).
cfast_closed_t360_pressure_pa,False,True,NON_GATING,required=False,1322.07,167.939,1200.0,,,0.962,7.145,CMV-1: Phase 3 pressure ODE — non-gating gap (SF fire persists vs CFAST extinction).
cfast_closed_t360_co2_upper_pct,False,True,NON_GATING,required=False,10.432,11.1406,3.0,,,0.236,0.269,CMV-1: CO2 upper layer mol% — one-zone over-mixes vs two-zone (structural gap).
cfast_closed_t480_pressure_pa,False,True,NON_GATING,required=False,471.77,168.174,320.0,,,0.949,1.903,CMV-1: Phase 3 pressure ODE — non-gating gap (SF fire persists vs CFAST extinction).
cfast_closed_t480_co2_upper_pct,False,True,NON_GATING,required=False,9.5158,11.886,3.0,,,0.790,0.252,CMV-1: CO2 upper layer mol% — one-zone over-mixes vs two-zone (structural gap).
cfast_closed_no_temperature_cap,True,True,A_PRIORI,no heuristic triggered,0.0,0.0,0.0,,,,,
cfast_closed_t60_o2_lower,False,True,NON_GATING,required=False,0.2089,0.204932,0.015,,,0.265,0.073,Fase 2A: lower-zone O2 (CFAST LLO2 near ambient; SF o2_lower now tracked independently — gap closes with two-zone doorway flow).
cfast_closed_t120_o2_lower,False,True,NON_GATING,required=False,0.2071,0.204932,0.015,,,0.145,0.073,Fase 2A: lower-zone O2 (CFAST LLO2 near ambient; SF o2_lower now tracked independently — gap closes with two-zone doorway flow).
cfast_closed_t210_o2_lower,False,True,NON_GATING,required=False,0.1928,0.204932,0.015,,,0.809,0.073,Fase 2A: lower-zone O2 (CFAST LLO2 near ambient; SF o2_lower now tracked independently — gap closes with two-zone doorway flow).
cfast_closed_t300_o2_lower,False,True,NON_GATING,required=False,0.0684,0.204932,0.139,,,0.982,0.678,Fase 2A: lower-zone O2 (CFAST LLO2 near ambient; SF o2_lower now tracked independently — gap closes with two-zone doorway flow).
cfast_closed_t450_o2_lower,False,True,NON_GATING,required=False,0.0429,0.204932,0.164,,,0.988,0.800,Fase 2A: lower-zone O2 (CFAST LLO2 near ambient; SF o2_lower now tracked independently — gap closes with two-zone doorway flow).
cfast_closed_t210_co_lower_ppm,False,True,NON_GATING,required=False,0.0,0.0,150.0,,,0.000,,Fase 2C: lower-zone CO now tracked via co_upper_kg; COl= ≈ 0 vs CFAST LLCO ≈ 0.
cfast_closed_t300_co_lower_ppm,False,True,NON_GATING,required=False,0.0,0.0,150.0,,,0.000,,Fase 2C: lower-zone CO now tracked via co_upper_kg; COl= ≈ 0 vs CFAST LLCO ≈ 0.
cfast_closed_t450_co_lower_ppm,False,True,NON_GATING,required=False,0.0,0.0,150.0,,,0.000,,Fase 2C: lower-zone CO now tracked via co_upper_kg; COl= ≈ 0 vs CFAST LLCO ≈ 0.
cfast_closed_rmse_temp_upper_c,True,True,A_PRIORI,no heuristic triggered,49.819885034055424,,,,60.0,,,"CMV-2 Stage-F: temp_upper RMSE ≤ 60°C sealed room (SF=49.8°C, margin 10°C)."
cfast_closed_rmse_o2,False,True,NON_GATING,required=False,0.01475735597763592,,,,0.025,,,CMV-2: O2 RMSE ≤ 0.025 (sealed room). Structural gap expected.
cfast_closed_rmse_co_upper_ppm,True,True,A_PRIORI,no heuristic triggered,400.118454970024,,,,600.0,,,"CMV-2 Stage-E: CO upper RMSE ≤ 600 ppm sealed room (SF=400.1ppm, margin 199ppm)."
cfast_closed_peak_temp_upper_c,True,True,A_PRIORI,no heuristic triggered,227.88,,,80.0,600.0,,,"1.5B Stage-D: sealed-room peak temp_upper in [80,600]°C (CFAST ~210°C; SF=228°C). Thermal development guard."
cfast_closed_peak_temp_timing,False,True,NON_GATING,required=False,260.0,200.0,90.0,,,0.667,0.450,1.5B: sealed-room peak temp timing within ±90s of CFAST.
cfast_closed_min_o2,False,True,NON_GATING,required=False,0.0426,,,0.0,0.15,,,1.5B: sealed-room O2 upper depletes below 15% (CFAST: ~8.5%).
cfast_slow_t300_o2,True,True,A_PRIORI,no heuristic triggered,0.164,0.164631,0.01,,,0.063,0.061,SGB-1: slow-growth O2 upper at t=300s — sealed depletion profile. tol=0.01 (≥3× step @0.0001).
cfast_slow_t480_o2,True,True,A_PRIORI,no heuristic triggered,0.078,0.083965,0.012,,,0.497,0.143,SGB-1: slow-growth O2 upper at t=480s — sealed depletion profile. tol=0.012 (≥3× step @0.0001).
cfast_slow_t600_o2,True,True,A_PRIORI,no heuristic triggered,0.0574,0.0696598,0.02,,,0.613,0.287,SGB-1: slow-growth O2 upper at t=600s — sealed depletion profile. tol=0.02 (≥3× step @0.0001).
cfast_slow_t900_o2,True,True,A_PRIORI,no heuristic triggered,0.0532,0.0459719,0.015,,,0.482,0.326,SGB-1: slow-growth O2 upper at t=900s — sealed depletion profile. tol=0.015 (≥3× step @0.0001).
cfast_slow_t1200_o2,True,True,VACUOUS,tol/|expected|=0.713 > 0.5,0.0522,0.0350666,0.025,,,0.685,0.713,SGB-1: slow-growth O2 upper at t=1200s — sealed depletion profile. tol=0.025 (≥3× step @0.0001).
cfast_slow_t480_temp_upper_c,True,True,A_PRIORI,no heuristic triggered,144.87,151.003,10.0,,,0.613,0.066,SGB-1: slow-growth temp_upper at t=480s. O2-depleted steady-state; tol=10.0°C (≥3× @0.1°C).
cfast_slow_t600_temp_upper_c,True,True,A_PRIORI,no heuristic triggered,141.92,152.025,15.0,,,0.674,0.099,SGB-1: slow-growth temp_upper at t=600s. O2-depleted steady-state; tol=15.0°C (≥3× @0.1°C).
cfast_slow_t120_temp_upper_c,False,True,NON_GATING,required=False,30.23,39.6869,15.0,,,0.630,0.378,SGB-1 (non-gating): Phase 1.5 one-zone heating gap at t=120s. CFAST two-zone upper layer hotter during growth phase.
cfast_slow_t240_temp_upper_c,False,True,NON_GATING,required=False,62.8,104.933,50.0,,,0.843,0.476,SGB-1 (non-gating): Phase 1.5 one-zone heating gap at t=240s. CFAST two-zone upper layer hotter during growth phase.
cfast_slow_t300_temp_upper_c,False,True,NON_GATING,required=False,100.5,154.196,60.0,,,0.895,0.389,SGB-1 (non-gating): Phase 1.5 one-zone heating gap at t=300s. CFAST two-zone upper layer hotter during growth phase.
cfast_slow_t240_pressure_pa,False,True,NON_GATING,required=False,1.99,176.193,177.0,,,0.984,1.005,SGB-1 (non-gating): Phase 3 — thermodynamic vs buoyancy pressure model gap.
cfast_slow_t480_pressure_pa,False,True,NON_GATING,required=False,3.67,23.1977,22.0,,,0.888,0.948,SGB-1 (non-gating): Phase 3 — thermodynamic vs buoyancy pressure model gap.
cfast_slow_t600_pressure_pa,False,True,NON_GATING,required=False,5.26,65.1494,63.0,,,0.951,0.967,SGB-1 (non-gating): Phase 3 — thermodynamic vs buoyancy pressure model gap.
cfast_slow_rmse_temp_upper_c,True,True,A_PRIORI,no heuristic triggered,40.451235250860904,,,,65.0,,,"SGB-2 Stage-E: slow-growth temp_upper RMSE ≤ 65°C (t=0–600s; SF=40.4°C, margin 24.5°C). Phase 1.5 growth-phase gap accounts for 40°C; tol=65 (246 steps @0.1°C)."
cfast_slow_min_o2_upper,False,True,NON_GATING,required=False,0.0522,,,0.0,0.1,,,"SGB-2: slow-growth O2 upper depletes below 10% in sealed room (CFAST 2.8%, SF 5.2% at t=1800 s — both confirm depletion)."
cfast_pool_t60_o2,True,True,A_PRIORI,no heuristic triggered,0.2047,0.195612,0.015,,,0.606,0.077,PFO-1: pool fire O2 upper at t=60s — ventilated room near-ambient. tol=0.015 (≥3× step @0.0001).
cfast_pool_t120_o2,True,True,A_PRIORI,no heuristic triggered,0.2017,0.194288,0.015,,,0.494,0.077,PFO-1: pool fire O2 upper at t=120s — ventilated room near-ambient. tol=0.015 (≥3× step @0.0001).
cfast_pool_t300_o2,True,True,A_PRIORI,no heuristic triggered,0.1959,0.19403800000000002,0.008,,,0.233,0.041,PFO-1: pool fire O2 upper at t=300s — ventilated room near-ambient. tol=0.008 (≥3× step @0.0001).
cfast_pool_t600_o2,True,True,A_PRIORI,no heuristic triggered,0.1905,0.194087,0.01,,,0.359,0.052,PFO-1: pool fire O2 upper at t=600s — ventilated room near-ambient. tol=0.01 (≥3× step @0.0001).
cfast_pool_t900_o2,True,True,A_PRIORI,no heuristic triggered,0.187,0.19412700000000002,0.015,,,0.475,0.077,PFO-1: pool fire O2 upper at t=900s — ventilated room near-ambient. tol=0.015 (≥3× step @0.0001).
cfast_pool_rmse_temp_upper_c,True,True,A_PRIORI,no heuristic triggered,41.870278524996934,,,,55.0,,,"PFO-2 Stage-F: pool fire temp_upper RMSE ≤ 55°C (SF=41.9°C, margin 13°C). Phase 1.5 open-room gap documented."
cfast_pool_min_o2_upper,False,True,NON_GATING,required=False,0.187,,,0.15,0.21,,,"PFO-2: pool fire O2 upper stays > 15% in ventilated room (CFAST: 19.4%, SF: 18.7% min — confirms open-window replenishment)."
cfast_pool_t60_temp_upper_c,False,True,NON_GATING,required=False,43.76,65.6364,25.0,,,0.875,0.381,PFO-1 (non-gating): Phase 1.5 open-room gap at t=60s. CFAST two-zone stratifies hot ceiling; SF one-zone outside cooling. Gap ≈23°C.
cfast_pool_t300_temp_upper_c,False,True,NON_GATING,required=False,25.64,71.0704,50.0,,,0.909,0.704,PFO-1 (non-gating): Phase 1.5 open-room gap at t=300s. CFAST two-zone stratifies hot ceiling; SF one-zone outside cooling. Gap ≈48°C.
cfast_pool_t900_temp_upper_c,False,True,NON_GATING,required=False,22.04,72.3939,55.0,,,0.916,0.760,PFO-1 (non-gating): Phase 1.5 open-room gap at t=900s. CFAST two-zone stratifies hot ceiling; SF one-zone outside cooling. Gap ≈53°C.
cfast_chain_r0_t180_temp_upper_c,True,True,A_PRIORI,no heuristic triggered,156.78,158.005,15.0,,,0.082,0.095,CCH-1: corridor chain R0 fire room temp_upper at t=180s. tol=15.0°C (≥3× @0.1°C).
cfast_chain_r0_t300_temp_upper_c,True,True,A_PRIORI,no heuristic triggered,157.6,165.835,20.0,,,0.412,0.121,CCH-1: corridor chain R0 fire room temp_upper at t=300s. tol=20.0°C (≥3× @0.1°C).
cfast_chain_r0_t600_temp_upper_c,True,True,A_PRIORI,no heuristic triggered,143.41,168.39,30.0,,,0.833,0.178,CCH-1: corridor chain R0 fire room temp_upper at t=600s. tol=30.0°C (≥3× @0.1°C).
cfast_chain_r0_o2_t480_o2,True,True,A_PRIORI,no heuristic triggered,0.0939,0.11732799999999999,0.028,,,0.837,0.239,CCH-1: corridor chain R0 O2 upper at t=480s. tol=0.028 (≥3× step @0.0001).
cfast_chain_r0_o2_t600_o2,True,True,A_PRIORI,no heuristic triggered,0.0917,0.101968,0.015,,,0.685,0.147,CCH-1: corridor chain R0 O2 upper at t=600s. tol=0.015 (≥3× step @0.0001).
cfast_chain_r0_rmse_temp_upper,True,True,A_PRIORI,no heuristic triggered,20.54048365480959,,,,30.0,,,"CCH-2 Stage-F: corridor chain R0 temp_upper RMSE ≤ 30°C (SF=20.5°C, margin 9°C)."
cfast_chain_r2_o2_t480_o2,True,True,FITTED,|diff|/tol=0.874 > 0.85,0.1838,0.135705,0.055,,,0.874,0.405,CCH-1: corridor chain R2 O2 upper at t=480s — smoke reaches far room. tol=0.055 (≥3× @0.0001).
cfast_chain_r2_o2_t600_o2,True,True,FITTED,|diff|/tol=0.924 > 0.85,0.1698,0.119003,0.055,,,0.924,0.462,CCH-1: corridor chain R2 O2 upper at t=600s — smoke reaches far room. tol=0.055 (≥3× @0.0001).
cfast_chain_r2_min_o2_smoke_arrival,False,True,NON_GATING,required=False,0.1709,,,0.0,0.2,,,"CCH-2: corridor chain R2 O2 min < 20% — confirms smoke transport to far room (SF min=17.0%, CFAST min=11.9%)."
cfast_chain_r1_temp_t300_temp_upper_c,False,True,NON_GATING,required=False,41.73,97.746,60.0,,,0.934,0.614,CCH-1 (non-gating): Phase 1.5 corridor heating gap at t=300s. CFAST two-zone doorway warms Hall ~98°C; SF one-zone ~42°C. Gap=56°C < tol=60°C (margin 40 steps).
cfast_chain_r2_temp_t300_temp_upper_c,False,True,NON_GATING,required=False,32.16,63.3018,35.0,,,0.890,0.553,CCH-1 (non-gating): Phase 1.5 far-room heating gap at t=300s. CFAST R2 upper ~63°C; SF R2 ~32°C — two-zone corridor transport. Gap=31.1°C < tol=35°C (margin 39 steps).
cfast_chain_r1_o2_t480_o2,False,True,NON_GATING,required=False,0.1879,0.125443,0.065,,,0.961,0.518,CCH-1 (non-gating): Phase 2A corridor O2 transport lag at t=480s. CFAST R1 O2=12.5% (two-zone doorway); SF R1=18.8% (one-zone lag). Gap=0.0625 < tol=0.065 (margin 25 steps).
cfast_bed_o2_t120_o2,True,True,A_PRIORI,no heuristic triggered,0.1898,0.18698599999999999,0.008,,,0.352,0.043,BCD-1: bedroom O2 upper at t=120s. tol=0.008 (≥3× step @0.0001). Both models: sealed O2 depletion.
cfast_bed_o2_t300_o2,True,True,A_PRIORI,no heuristic triggered,0.119,0.116653,0.008,,,0.293,0.069,BCD-1: bedroom O2 upper at t=300s. tol=0.008 (≥3× step @0.0001). Both models: sealed O2 depletion.
cfast_bed_o2_t480_o2,True,True,A_PRIORI,no heuristic triggered,0.0958,0.0809916,0.02,,,0.740,0.247,BCD-1: bedroom O2 upper at t=480s. tol=0.02 (≥3× step @0.0001). Both models: sealed O2 depletion.
cfast_bed_o2_t600_o2,True,True,A_PRIORI,no heuristic triggered,0.0879,0.0705026,0.023,,,0.756,0.326,BCD-1: bedroom O2 upper at t=600s. tol=0.023 (≥3× step @0.0001). Both models: sealed O2 depletion.
cfast_bed_o2_t720_o2,True,True,A_PRIORI,no heuristic triggered,0.0832,0.0622151,0.026,,,0.807,0.418,BCD-1: bedroom O2 upper at t=720s. tol=0.026 (≥3× step @0.0001). Both models: sealed O2 depletion.
cfast_bed_min_o2_lethal,False,True,NON_GATING,required=False,0.0793,,,0.0,0.1,,,"BCD-2: bedroom O2 upper < 10% (lethal depletion in sealed room). SF min=7.93%, CFAST min=5.34%. 207 steps @0.0001."
cfast_bed_fed_lethal,True,True,VACUOUS,actual=30.9 >> 5.0× min=1,30.899,,,1.0,,,,"BCD-2 Stage-D: bedroom FED > 1.0 (lethal gas dose before 900s; SF max=30.9). SF FED crosses 1.0 at t=250s (CO=5026 ppm, O2u=13.1%). Lethal-dose guard."
cfast_bed_rmse_temp_upper,True,True,A_PRIORI,no heuristic triggered,66.38866356094657,,,,80.0,,,"BCD-2 Stage-F: bedroom temp_upper RMSE ≤ 80°C (SF=66.4°C, margin 13°C). Phase 1.5 structural documented."
cfast_bed_temp_t300_temp_upper_c,False,True,NON_GATING,required=False,90.12,170.085,85.0,,,0.941,0.500,BCD-1 (non-gating): Phase 1.5 temperature gap at t=300s. CFAST two-zone upper 170.1°C; SF one-zone 90.1°C. tol=85.0°C.
cfast_bed_temp_t480_temp_upper_c,False,True,NON_GATING,required=False,79.35,141.099,65.0,,,0.950,0.461,BCD-1 (non-gating): Phase 1.5 temperature gap at t=480s. CFAST two-zone upper 141.1°C; SF one-zone 79.3°C. tol=65.0°C.
cfast_bed_co_upper_t480_co_upper_ppm,False,True,NON_GATING,required=False,7312.0,4224.12,3200.0,,,0.965,0.758,BCD-1 (non-gating): Phase 1.5 CO upper gap at t=480s. CFAST UL CO=4224 ppm (lower zone ~0); SF one-zone CO=7312 ppm (uniform). Gap=3088 ppm < tol=3200 ppm (margin 112 steps @1 ppm).
cfast_supr_temp_t60_temp_upper_c,True,True,A_PRIORI,no heuristic triggered,32.45,34.4008,15.0,,,0.130,0.436,SW-1: ventilated room temp_upper at t=60s (pre-suppression). CFAST 34.4°C; SF 32.5°C. tol=15.0°C (≥3× step @0.1°C).
cfast_supr_temp_t90_temp_upper_c,True,True,A_PRIORI,no heuristic triggered,40.23,52.7588,20.0,,,0.626,0.379,SW-1: ventilated room temp_upper at t=90s (pre-suppression). CFAST 52.8°C; SF 40.2°C. tol=20.0°C (≥3× step @0.1°C).
cfast_supr_temp_t120_temp_upper_c,True,True,VACUOUS,tol/|expected|=0.512 > 0.5,47.06,78.1626,40.0,,,0.778,0.512,SW-1: ventilated room temp_upper at t=120s (pre-suppression). CFAST 78.2°C; SF 47.1°C. tol=40.0°C (≥3× step @0.1°C).
cfast_supr_rmse_temp_pre,True,True,A_PRIORI,no heuristic triggered,12.362617379341641,,,,18.0,,,"SW-1 Stage-F: pre-suppression temp_upper RMSE ≤ 18°C (SF=12.4°C, margin 5.6°C). Pre-suppression curve-shape guard."
cfast_supr_hrr_peak,True,True,A_PRIORI,no heuristic triggered,146.47,,,100.0,,,,"SW-2 Stage-E: SF HRR exceeds 100 kW before suppression (SF=146.5kW, margin 46kW). Fire-growth guard."
cfast_supr_hrr_knockdown,True,True,A_PRIORI,no heuristic triggered,10.32,,,,35.0,,,"SW-2 Stage-E: SF HRR < 35 kW at t=140–185s after water (SF min=10.3kW, margin 24kW). Suppression-knockdown guard."
cfast_supr_temp_t150_temp_upper_c,False,True,NON_GATING,required=False,20.0,65.1548,55.0,,,0.821,0.844,SW-1 (non-gating): Phase 1.5 post-suppression temp gap at t=150s. CFAST two-zone upper 65.2°C (gradual cooling); SF one-zone 20.0°C (snaps to ambient). tol=55.0°C. SF re-ignition diverges from CFAST residual 4 kW.
cfast_supr_temp_t180_temp_upper_c,False,True,NON_GATING,required=False,20.0,49.8427,40.0,,,0.746,0.803,SW-1 (non-gating): Phase 1.5 post-suppression temp gap at t=180s. CFAST two-zone upper 49.8°C (gradual cooling); SF one-zone 20.0°C (snaps to ambient). tol=40.0°C. SF re-ignition diverges from CFAST residual 4 kW.
cfast_supr_temp_t210_temp_upper_c,False,True,NON_GATING,required=False,25.38,40.5975,25.0,,,0.609,0.616,SW-1 (non-gating): Phase 1.5 post-suppression temp gap at t=210s. CFAST two-zone upper 40.6°C (gradual cooling); SF one-zone 25.4°C (snaps to ambient). tol=25.0°C. SF re-ignition diverges from CFAST residual 4 kW.
cfast_2r_r0_t180_o2,True,True,A_PRIORI,no heuristic triggered,0.1612,0.14938,0.025,,,0.473,0.167,
cfast_2r_r0_t180_temp_upper_c,True,True,A_PRIORI,no heuristic triggered,184.83,237.192,80.0,,,0.655,0.337,
cfast_2r_r0_t300_o2,True,True,VACUOUS,tol/|expected|=0.629 > 0.5,0.034,0.0397333,0.025,,,0.229,0.629,
cfast_2r_r0_t300_temp_upper_c,True,True,A_PRIORI,no heuristic triggered,221.26,237.347,80.0,,,0.201,0.337,
cfast_2r_r0_t450_o2,True,True,A_PRIORI,no heuristic triggered,0.0674,0.0641765,0.025,,,0.129,0.390,
cfast_2r_r0_t450_temp_upper_c,False,True,NON_GATING,required=False,144.43,58.8687,90.0,,,0.951,1.529,Structural gap (Phase 2): fire over-burns because room-avg O2 stays high; CFAST extinguishes via upper-zone depletion. Tol=90 covers 85.6°C structural error.
cfast_2r_hall_t120_o2,True,True,A_PRIORI,no heuristic triggered,0.1997,0.194996,0.02,,,0.235,0.103,
cfast_2r_hall_t120_temp_upper_c,True,True,VACUOUS,tol/|expected|=0.987 > 0.5,38.58,60.7964,60.0,,,0.370,0.987,
cfast_2r_hall_t240_o2,False,True,NON_GATING,required=False,0.0968,0.11126200000000001,0.025,,,0.578,0.225,Structural gap (Phase 2a): at t=360 SF fire still active while CFAST extinguishes via upper-zone O2 depletion.
cfast_2r_hall_t240_temp_upper_c,False,True,NON_GATING,required=False,106.0,163.553,60.0,,,0.959,0.367,Structural gap (Phase 2): hall temp lags CFAST — hot-gas doorway transport not modelled in one-zone SF.
cfast_2r_hall_t360_o2,False,True,NON_GATING,required=False,0.107,0.056457,0.06,,,0.842,1.063,Structural gap (Phase 2a): at t=360 SF fire still active while CFAST extinguishes via upper-zone O2 depletion.
cfast_2r_hall_t360_temp_upper_c,False,True,NON_GATING,required=False,113.12,73.674,60.0,,,0.657,0.814,Structural gap (Phase 2): hall temp lags CFAST — hot-gas doorway transport not modelled in one-zone SF.
cfast_2r_r0_t120_pressure_pa,False,True,NON_GATING,required=False,1.98,303.747,303.8,,,0.993,1.000,CMV-1: two-room pressure coupling — structural gap (one-zone vs two-zone).
cfast_2r_r0_t120_co2_upper_pct,False,True,NON_GATING,required=False,4.7496,1.58066,3.5,,,0.905,2.214,CMV-1: CO2 transport to fire room — structural gap.
cfast_2r_r0_t240_pressure_pa,False,True,NON_GATING,required=False,4.82,163.079,160.3,,,0.987,0.983,CMV-1: two-room pressure coupling — structural gap (one-zone vs two-zone).
cfast_2r_r0_t240_co2_upper_pct,False,True,NON_GATING,required=False,12.5532,10.6992,3.0,,,0.618,0.280,CMV-1: CO2 transport to fire room — structural gap.
cfast_2r_r0_t360_pressure_pa,False,True,NON_GATING,required=False,6.99,-38.7189,47.0,,,0.973,1.214,CMV-1: two-room pressure coupling — structural gap (one-zone vs two-zone).
cfast_2r_r0_t360_co2_upper_pct,False,True,NON_GATING,required=False,12.0267,11.178,3.0,,,0.283,0.268,CMV-1: CO2 transport to fire room — structural gap.
cfast_2r_r0_t480_pressure_pa,False,True,NON_GATING,required=False,5.45,6.01672,30.0,,,0.019,4.986,CMV-1: two-room pressure coupling — structural gap (one-zone vs two-zone).
cfast_2r_r0_t480_co2_upper_pct,False,True,NON_GATING,required=False,12.138,9.9052,3.0,,,0.744,0.303,CMV-1: CO2 transport to fire room — structural gap.
cfast_2r_r0_t240_co2_upper_strat_min,True,True,A_PRIORI,no heuristic triggered,12.5532,,,5.0,,,,"Phase 2B: two-room fire-room CO2 upper ≥5 mol% at t=240s (SF=12.55%, CFAST=10.70%)."
cfast_2r_r0_t180_o2_lower,False,True,NON_GATING,required=False,0.2032,0.182583,0.022,,,0.937,0.120,Fase 2A: fire-room lower-zone O2 (CFAST LLO2 near ambient; SF o2_lower tracked independently — gap closes with two-zone doorway flow).
cfast_2r_r0_t300_o2_lower,False,True,NON_GATING,required=False,0.209,0.0951797,0.116,,,0.981,1.219,Fase 2A: fire-room lower-zone O2 (CFAST LLO2 near ambient; SF o2_lower tracked independently — gap closes with two-zone doorway flow).
cfast_2r_r0_t450_o2_lower,False,True,NON_GATING,required=False,0.0675,0.09087329999999999,0.025,,,0.935,0.275,Fase 2A: fire-room lower-zone O2 (CFAST LLO2 near ambient; SF o2_lower tracked independently — gap closes with two-zone doorway flow).
cfast_2r_hall_t120_co_lower_ppm,False,True,NON_GATING,required=False,52.0,0.0,100.0,,,0.520,,CMV-1: hall lower-zone CO (CFAST LLCO ≈ 0; SF fully-mixed over-predicts lower-zone CO — structural gap).
cfast_2r_hall_t240_co_lower_ppm,False,True,NON_GATING,required=False,84.0,0.0,100.0,,,0.840,,CMV-1: hall lower-zone CO (CFAST LLCO ≈ 0; SF fully-mixed over-predicts lower-zone CO — structural gap).
cfast_2r_hall_t360_co_lower_ppm,False,True,NON_GATING,required=False,80.0,0.0,100.0,,,0.800,,CMV-1: hall lower-zone CO (CFAST LLCO ≈ 0; SF fully-mixed over-predicts lower-zone CO — structural gap).
cfast_2r_r0_rmse_temp_upper_c,True,True,WINDOWED,"note matches /t=\[0,\s*\d+\]/",45.63823004066266,,,,60.0,,,"CMV-2 Stage-F: fire-room temp_upper RMSE ≤ 60°C t=[0,350]s (SF=45.6°C, margin 14°C)."
cfast_2r_r0_rmse_o2,False,True,NON_GATING,required=False,0.024056122232140133,,,,0.028,,,CMV-2: fire-room O2 RMSE ≤ 0.028 (two-room). Structural gap expected. Threshold 0.025→0.028: hardened from 0.0009 margin (actual=0.02406) to ≥3× headroom. Phase 2 gap.
cfast_2r_hall_rmse_temp_upper_c,True,True,A_PRIORI,no heuristic triggered,39.808166504841275,,,,45.0,,,"CMV-2 Stage-F: hall temp_upper RMSE ≤ 45°C (SF=39.8°C, margin 5.2°C). Structural two-zone doorway gap documented."
cfast_2r_hall_rmse_o2,False,True,NON_GATING,required=False,0.0344155864211358,,,,0.06,,,"CMV-2: hall O2 RMSE (SF o2_upper vs CFAST ULO2). Phase-2a doorway routing active. Residual structural gap at t=360 (SF fire active, CFAST extinguished). threshold=0.060."
cfast_fo_t150_hrr_kw,True,True,A_PRIORI,no heuristic triggered,1012.87,1058.0,300.0,,,0.150,0.284,
cfast_fo_t150_temp_upper_c,True,True,A_PRIORI,no heuristic triggered,245.36,242.387,100.0,,,0.030,0.413,
cfast_fo_t150_o2,True,True,A_PRIORI,no heuristic triggered,0.1753,0.1603,0.04,,,0.375,0.250,
cfast_fo_t240_hrr_kw,True,True,A_PRIORI,no heuristic triggered,1947.39,2000.0,300.0,,,0.175,0.150,
cfast_fo_t240_temp_upper_c,True,True,A_PRIORI,no heuristic triggered,347.14,387.024,100.0,,,0.399,0.258,
cfast_fo_t240_o2,True,True,A_PRIORI,no heuristic triggered,0.1432,0.11251699999999999,0.04,,,0.767,0.356,
cfast_fo_t350_hrr_kw,True,True,A_PRIORI,no heuristic triggered,1883.35,2000.0,300.0,,,0.389,0.150,
cfast_fo_t350_temp_upper_c,True,True,A_PRIORI,no heuristic triggered,348.92,402.072,100.0,,,0.532,0.249,
cfast_fo_t350_o2,True,True,A_PRIORI,no heuristic triggered,0.1445,0.111108,0.04,,,0.835,0.360,
cfast_fo_t150_pressure_pa,False,True,NON_GATING,required=False,1.96,-2.81472,15.0,,,0.318,5.329,CMV-1: vented-room pressure sign/magnitude — CFAST ~−6 Pa (outflow driven).
cfast_fo_t150_co2_upper_pct,False,True,NON_GATING,required=False,6.7168,3.75437,3.0,,,0.987,0.799,CMV-1: CO2 upper layer mol% in vented scenario — structural gap.
cfast_fo_t240_pressure_pa,False,True,NON_GATING,required=False,1.83,-5.79607,15.0,,,0.508,2.588,CMV-1: vented-room pressure sign/magnitude — CFAST ~−6 Pa (outflow driven).
cfast_fo_t240_co2_upper_pct,False,True,NON_GATING,required=False,5.4073,7.77377,4.5,,,0.526,0.579,CMV-1: CO2 upper layer mol% in vented scenario — structural gap.
cfast_fo_t350_pressure_pa,False,True,NON_GATING,required=False,1.95,-6.00936,15.0,,,0.531,2.496,CMV-1: vented-room pressure sign/magnitude — CFAST ~−6 Pa (outflow driven).
cfast_fo_t350_co2_upper_pct,False,True,NON_GATING,required=False,1.2551,7.89231,7.5,,,0.885,0.950,CMV-1: CO2 upper layer mol% in vented scenario — structural gap.
cfast_fo_t150_o2_lower,False,True,NON_GATING,required=False,0.2039,0.200287,0.02,,,0.181,0.100,Fase 2A: lower-zone O2 in vented scenario (CFAST LLO2 near ambient via inflow; SF o2_lower tracked independently — gap closes with two-zone doorway flow).
cfast_fo_t240_o2_lower,False,True,NON_GATING,required=False,0.1975,0.186248,0.02,,,0.563,0.107,Fase 2A: lower-zone O2 in vented scenario (CFAST LLO2 near ambient via inflow; SF o2_lower tracked independently — gap closes with two-zone doorway flow).
cfast_fo_t350_o2_lower,False,True,NON_GATING,required=False,0.1971,0.18570699999999998,0.02,,,0.570,0.108,Fase 2A: lower-zone O2 in vented scenario (CFAST LLO2 near ambient via inflow; SF o2_lower tracked independently — gap closes with two-zone doorway flow).
cfast_fo_rmse_temp_upper_c,True,True,A_PRIORI,no heuristic triggered,35.69150462304371,,,,60.0,,,"CMV-2 Stage-E: temp_upper RMSE ≤ 60°C post-flashover (SF=35.7°C, margin 24°C)."
cfast_fo_rmse_o2,False,True,NON_GATING,required=False,0.02379447612734939,,,,0.028,,,CMV-2: O2 RMSE ≤ 0.028 (post-flashover vented). Structural gap expected. Threshold 0.025→0.028: hardened from 0.0012 margin (actual=0.02379) to ≥3× headroom.
cfast_fo_rmse_hrr_kw,True,True,A_PRIORI,no heuristic triggered,74.0949493221181,,,,300.0,,,"CMV-2 Stage-E: HRR RMSE ≤ 300 kW post-flashover (SF=74.1kW, margin 225kW)."
cfast_fo_peak_temp_upper_c,True,True,A_PRIORI,no heuristic triggered,355.31,,,350.0,,,,"1.5B Stage-F: post-flashover peak temp_upper ≥ 350°C (SF=355.3°C, margin 5.3°C). Phase 1.5 structural: one-zone uniform mixing."
cfast_fo_peak_temp_timing,False,True,NON_GATING,required=False,200.0,390.0,193.0,,,0.984,0.495,1.5B: post-flashover peak temp timing. SF one-zone uniform heating → peak at t=200s vs CFAST two-zone t=390s (190s earlier). Phase 1.5 structural. tol=193s (3 steps).
cfast_fo_peak_hrr_kw,True,True,A_PRIORI,no heuristic triggered,1969.7,,,500.0,,,,1.5B Stage-D: post-flashover peak HRR >= 500 kW (SF=1970 kW). Flashover energy-release guard.
cfast_hvac_t180_o2,True,True,A_PRIORI,no heuristic triggered,0.1491,0.132338,0.025,,,0.670,0.189,Phase 2C: SF o2_upper vs CFAST ULO2 (fire uses o2_lower; room.o2 stays near-ambient).
cfast_hvac_t180_o2_lower,True,True,A_PRIORI,no heuristic triggered,0.209,0.204932,0.01,,,0.407,0.049,Phase 2C gate: HVAC low-supply/high-return replenishes lower zone (fire_o2_lower_for_flame=true). SF.o2_lower≈0.209 vs CFAST LLO2≈0.205.
cfast_hvac_t180_co_lower_ppm,False,True,NON_GATING,required=False,0.0,0.0,150.0,,,0.000,,Fase 2C: HVAC lower-zone CO now tracked via co_upper_kg; COl= ≈ 0 vs CFAST LLCO ≈ 0.
cfast_hvac_t180_temp_upper_c,True,True,FITTED,|diff|/tol=0.962 > 0.85,182.65,259.591,80.0,,,0.962,0.308,
cfast_hvac_t180_co_upper_ppm,True,True,VACUOUS,tol/|expected|=1.314 > 0.5,593.0,380.376,500.0,,,0.425,1.314,
cfast_hvac_t300_o2,True,True,FITTED,|diff|/tol=0.975 > 0.85,0.0981,0.07371660000000001,0.025,,,0.975,0.339,Phase 2C: SF o2_upper vs CFAST ULO2 (fire uses o2_lower; room.o2 stays near-ambient).
cfast_hvac_t300_o2_lower,True,True,A_PRIORI,no heuristic triggered,0.209,0.204932,0.01,,,0.407,0.049,Phase 2C gate: HVAC low-supply/high-return replenishes lower zone (fire_o2_lower_for_flame=true). SF.o2_lower≈0.209 vs CFAST LLO2≈0.205.
cfast_hvac_t300_co_lower_ppm,False,True,NON_GATING,required=False,0.0,0.0,150.0,,,0.000,,Fase 2C: HVAC lower-zone CO now tracked via co_upper_kg; COl= ≈ 0 vs CFAST LLCO ≈ 0.
cfast_hvac_t300_temp_upper_c,False,True,NON_GATING,required=False,350.75,173.386,178.0,,,0.996,1.027,Phase 2C structural gap: SF fire at max HRR (SF=350.8°C) vs CFAST two-zone moderation (173.4°C). tol=178.0°C non-gating.
cfast_hvac_t300_co_upper_ppm,False,False,NON_GATING,required=False,2494.0,661.289,500.0,,,3.665,0.756,Structural gap (Phase 2C): CO upper — SF fire at max HRR vs CFAST two-zone O2 dynamics.
cfast_hvac_t450_o2,True,True,FITTED,|diff|/tol=0.932 > 0.85,0.0949,0.052955300000000004,0.045,,,0.932,0.850,Phase 2C: SF o2_upper vs CFAST ULO2 (fire uses o2_lower; room.o2 stays near-ambient).
cfast_hvac_t450_o2_lower,True,True,A_PRIORI,no heuristic triggered,0.209,0.204932,0.01,,,0.407,0.049,Phase 2C gate: HVAC low-supply/high-return replenishes lower zone (fire_o2_lower_for_flame=true). SF.o2_lower≈0.209 vs CFAST LLO2≈0.205.
cfast_hvac_t450_co_lower_ppm,False,True,NON_GATING,required=False,0.0,0.0,150.0,,,0.000,,Fase 2C: HVAC lower-zone CO now tracked via co_upper_kg; COl= ≈ 0 vs CFAST LLCO ≈ 0.
cfast_hvac_t450_temp_upper_c,False,True,NON_GATING,required=False,360.13,174.843,186.0,,,0.996,1.064,Phase 2C structural gap: SF fire at max HRR (SF=360.1°C) vs CFAST two-zone moderation (174.8°C). tol=186.0°C non-gating.
cfast_hvac_t450_co_upper_ppm,False,False,NON_GATING,required=False,4949.0,731.456,500.0,,,8.435,0.684,Structural gap (Phase 2C): CO upper — SF fire at max HRR vs CFAST two-zone O2 dynamics.
cfast_hvac_t180_pressure_pa,False,True,NON_GATING,required=False,3.11,768.421,767.5,,,0.997,0.999,CMV-1: HVAC-pressurized room overpressure — structural Phase 3 gap.
cfast_hvac_t180_co2_upper_pct,False,True,NON_GATING,required=False,8.2226,6.10644,3.0,,,0.705,0.491,CMV-1: CO2 upper layer mol% with HVAC dilution — structural gap.
cfast_hvac_t300_pressure_pa,False,True,NON_GATING,required=False,8.13,154.56,148.5,,,0.986,0.961,CMV-1: HVAC-pressurized room overpressure — structural Phase 3 gap.
cfast_hvac_t300_co2_upper_pct,False,False,NON_GATING,required=False,21.0284,10.6161,3.0,,,3.471,0.283,CMV-1: CO2 upper layer mol% with HVAC dilution — structural gap.
cfast_hvac_t450_pressure_pa,False,True,NON_GATING,required=False,8.81,168.371,161.6,,,0.987,0.960,CMV-1: HVAC-pressurized room overpressure — structural Phase 3 gap.
cfast_hvac_t450_co2_upper_pct,False,False,NON_GATING,required=False,30.0,11.7426,3.0,,,6.086,0.255,CMV-1: CO2 upper layer mol% with HVAC dilution — structural gap.
cfast_hvac_rmse_temp_upper_c,True,True,WINDOWED,"note matches /t=\[0,\s*\d+\]/",51.85683912133094,,,,60.0,,,"CMV-2 Phase-2C: temp_upper RMSE ≤ 60°C over t=[0,240]s growth phase (SF=51.9°C, margin 8.1°C). Post-t=240 SF hits max HRR while CFAST two-zone moderates — structural gap."
cfast_hvac_rmse_o2,False,True,NON_GATING,required=False,0.03324304399191406,,,,0.07,,,"Phase 2C: O2 upper RMSE vs CFAST ULO2. SF o2_upper depletes from fire; room.o2 stays near-ambient. Structural gap in late-time (t>280s SF keeps max HRR, CFAST moderates)."
cfast_hvac_rmse_co_upper_ppm,True,True,WINDOWED,"note matches /t=\[0,\s*\d+\]/",247.1129853755119,,,,500.0,,,"CMV-2 Phase-2C: CO upper RMSE ≤ 500 ppm over t=[0,240]s growth phase (SF=247.1ppm, margin 252ppm). Post-t=240 SF at max HRR vs CFAST moderation — structural gap."
cfast_burnout_t60_temp_upper_c,True,True,A_PRIORI,no heuristic triggered,35.28,,,15.0,100.0,,,"CMV-3 Stage-E: growth-phase temp_upper in [15.0,100.0]°C at t=60.0s. Growth-sequence guard."
cfast_burnout_t120_temp_upper_c,True,True,A_PRIORI,no heuristic triggered,85.26,,,40.0,180.0,,,"CMV-3 Stage-E: growth-phase temp_upper in [40.0,180.0]°C at t=120.0s. Growth-sequence guard."
cfast_burnout_t180_temp_upper_c,True,True,A_PRIORI,no heuristic triggered,172.11,,,100.0,320.0,,,"CMV-3 Stage-E: growth-phase temp_upper in [100.0,320.0]°C at t=180.0s. Growth-sequence guard."
cfast_burnout_t300_hrr_o2_limited,True,True,A_PRIORI,no heuristic triggered,523.54,,,,900.0,,,"CMV-3 Stage-D: fire O2-limited by t=300s (CFAST: 288kW, SimuFire: ~524kW, cap: 900kW). O2-limited HRR guard."
cfast_burnout_t600_fire_active,True,True,VACUOUS,actual=182 >> 5.0× min=30,182.17,,,30.0,,,,CMV-3 Stage-D: fire still burning at t=600s (long burnout; SimuFire=182kW). Sustained-fire guard.
cfast_burnout_t60_pressure_pa,False,True,NON_GATING,required=False,67.81,124.015,68.0,,,0.827,0.548,CMV-3/CMV-1: sealed-room overpressure structural Phase 3 gap.
cfast_burnout_t120_pressure_pa,False,True,NON_GATING,required=False,1192.38,1022.06,200.0,,,0.852,0.196,CMV-3/CMV-1: sealed-room overpressure structural Phase 3 gap.
cfast_burnout_t180_pressure_pa,False,True,NON_GATING,required=False,5776.09,768.435,5100.0,,,0.982,6.637,CMV-3/CMV-1: sealed-room overpressure structural Phase 3 gap.
cfast_burnout_rmse_temp_upper_c,True,True,A_PRIORI,no heuristic triggered,42.890743094368766,,,,65.0,,,"CMV-3 Stage-E: temp_upper RMSE ≤ 65°C growth phase (SF=42.9°C, margin 22°C)."
cfast_burnout_peak_temp_upper_c,True,True,A_PRIORI,no heuristic triggered,226.74,,,80.0,500.0,,,"1.5C Stage-D: long-burnout peak temp_upper in [80,500]°C (CFAST ~260°C; SF=226.7°C). Thermal guard."
cfast_burnout_peak_temp_timing,False,True,NON_GATING,required=False,270.0,210.0,120.0,,,0.500,0.571,1.5C: long-burnout peak temp timing within ±120s of CFAST.
cfast_burnout_t1800_fire_active,True,True,VACUOUS,actual=183 >> 5.0× min=10,182.6,,,10.0,,,,1.5C Stage-C: long-burnout fire still active at t=1800s (CFAST: ~288kW; SF=182.6kW). O2-limited equilibrium guard.
cfast_burnout_t600_o2_depleted,False,True,NON_GATING,required=False,0.0427,,,,0.16,,,1.5C: long-burnout O2 upper < 16% at t=600s (fire O2-limited; CFAST: ~13%).
cfast_winbreak_t120_temp_upper_c,True,True,A_PRIORI,no heuristic triggered,85.26,,,40.0,175.0,,,"CMV-3 Stage-E: pre-break temp_upper at t=120s in [40,175]°C (SF=85.3°C). Growth-phase sealed guard."
cfast_winbreak_t300_temp_upper_c,True,True,A_PRIORI,no heuristic triggered,313.47,,,200.0,,,,"CMV-3 Stage-C: post-break temp_upper > 200°C at t=300s (CFAST=347°C, SimuFire=314°C). Window-break sustained-fire guard."
cfast_winbreak_t300_hrr_sustained,True,True,A_PRIORI,no heuristic triggered,1280.0,,,600.0,,,,CMV-3 Stage-C: HRR > 600kW at t=300s — window opening sustains fire (SimuFire=1280kW). Window-break guard.
cfast_winbreak_hrr_grows_after_break,True,True,A_PRIORI,no heuristic triggered,629.3599999999999,,,0.0,,,,CMV-3 Stage-C: HRR grows after window break (t=240 > t=170; SimuFire: 1242 > 613 kW). Glass-break mechanism guard.
cfast_winbreak_t300_pressure_pa,False,True,NON_GATING,required=False,1.99,,,,10.0,,,"CMV-1: vented-room pressure ≤ 10 Pa (CFAST=−6 Pa outflow, SimuFire=+2 Pa — sign gap)."
cfast_winbreak_rmse_temp_upper_pre_break,True,True,A_PRIORI,no heuristic triggered,35.43316228509201,,,,65.0,,,"CMV-3 Stage-E: temp_upper RMSE ≤ 65°C pre-break (SF=35.4°C, margin 29°C)."
cfast_doorclose_r0_t60_temp_upper_c,True,True,A_PRIORI,no heuristic triggered,54.56,,,20.0,120.0,,,"CMV-3 Stage-D: pre-close R0 temp_upper in [20.0,120.0]°C at t={target_s}s. Pre-close fire sequence guard."
cfast_doorclose_r0_t120_temp_upper_c,True,True,A_PRIORI,no heuristic triggered,159.54,,,50.0,220.0,,,"CMV-3 Stage-D: pre-close R0 temp_upper in [50.0,220.0]°C at t={target_s}s. Pre-close fire sequence guard."
cfast_doorclose_r0_t240_temp_active,True,True,A_PRIORI,no heuristic triggered,239.68,,,100.0,,,,CMV-3 Stage-D: R0 fire still hot at t=240s post-close (SimuFire=239.7°C). Post-close fire-active guard.
cfast_doorclose_r0_t300_o2_depleted,True,True,A_PRIORI,no heuristic triggered,0.0395,,,,0.12,,,"CMV-3 Stage-C: R0 O2 < 12% at t=300s after door close (CFAST=7.4%, SimuFire=3.95%). Door-seal depletion guard."
cfast_doorclose_r1_t300_cooling,True,True,A_PRIORI,no heuristic triggered,20.5,,,,50.0,,,"CMV-3 Stage-C: R1 hall cools after door close (CFAST=25.9°C, SimuFire=20.5°C). Hall-cooling guard."
cfast_doorclose_r0_t120_pressure_pa,False,True,NON_GATING,required=False,1.98,303.746,303.8,,,0.993,1.000,CMV-3/CMV-1: sealed-room thermodynamic vs buoyancy pressure structural Phase 3 gap.
cfast_doorclose_r0_t300_pressure_pa,False,True,NON_GATING,required=False,10.6,154.307,145.7,,,0.986,0.944,CMV-3/CMV-1: sealed-room thermodynamic vs buoyancy pressure structural Phase 3 gap.
cfast_doorclose_r0_rmse_temp_upper_pre_close,True,True,A_PRIORI,no heuristic triggered,39.87795170054211,,,,70.0,,,"CMV-3 Stage-E: R0 temp_upper RMSE ≤ 70°C pre-close (SF=39.9°C, margin 30°C)."
cfast_fastgrowth_t60_temp_upper_c,True,True,A_PRIORI,no heuristic triggered,58.6,,,30.0,200.0,,,"CMV-3: fast-growth temp_upper in [30.0,200.0]°C at t=60.0s."
cfast_fastgrowth_t90_temp_upper_c,True,True,A_PRIORI,no heuristic triggered,216.98,,,70.0,450.0,,,"CMV-3: fast-growth temp_upper in [70.0,450.0]°C at t=90.0s."
cfast_fastgrowth_t120_temp_upper_c,True,True,A_PRIORI,no heuristic triggered,476.02,,,150.0,700.0,,,"CMV-3: fast-growth temp_upper in [150.0,700.0]°C at t=120.0s."
cfast_fastgrowth_extinction_hrr_t280,True,True,VACUOUS,actual=22.4 << max=200/5.0,22.45,,,,200.0,,,"CMV-3: fast-growth fire O2-limited, HRR < 200kW by t=280s (SF: 22kW)."
cfast_fastgrowth_t60_pressure_pa,False,True,NON_GATING,required=False,188.95,489.593,329.0,,,0.914,0.672,CMV-3/CMV-1: fast-growth sealed room — thermodynamic vs buoyancy structural Phase 3 gap.
cfast_fastgrowth_t120_pressure_pa,False,True,NON_GATING,required=False,3927.71,2087.67,1880.0,,,0.979,0.901,CMV-3/CMV-1: fast-growth sealed room — thermodynamic vs buoyancy structural Phase 3 gap.
cfast_fastgrowth_rmse_temp_upper_c,True,True,A_PRIORI,no heuristic triggered,162.11402201391638,,,,200.0,,,"CMV-3 Stage-E (rebaselined cd8bfd7): temp_upper RMSE ≤ 200°C fast-growth t=60–120s (SF=162.1°C, margin 23%). Threshold raised from 60°C due to stale pre-cd8bfd7 plume-revert logs."
cfast_twofloor_r0_t120_temp_upper_c,True,True,A_PRIORI,no heuristic triggered,157.81,,,60.0,500.0,,,"CMV-3: two-floor R0 fire room temp_upper in [60.0,500.0]°C at t=120.0s."
cfast_twofloor_r0_t180_temp_upper_c,True,True,A_PRIORI,no heuristic triggered,455.54,,,100.0,700.0,,,"CMV-3: two-floor R0 fire room temp_upper in [100.0,700.0]°C at t=180.0s."
cfast_twofloor_r0_t120_fire_active,True,True,A_PRIORI,no heuristic triggered,268.93,,,100.0,,,,"CMV-3: two-floor R0 fire growing at t=120s (SF: ~269kW, CFAST: 320kW)."
cfast_twofloor_r8_t300_temp_upper_c,False,True,NON_GATING,required=False,20.0,78.6663,60.0,,,0.978,0.763,CMV-3: R8 upper bedroom temp_upper at t=300s. Known gap: SimuFire fire extinguishes ~t=230s before smoke reaches upstairs (500m³ full-house O2 dynamics vs 146m³ CFAST 2-room model).
cfast_twofloor_r0_rmse_temp_upper_c,True,True,A_PRIORI,no heuristic triggered,157.21642407151066,,,,175.0,,,"CMV-3 Stage-F (rebaselined cd8bfd7): two-floor R0 temp_upper RMSE ≤ 175°C (SF=157.2°C, margin 11%). Threshold raised from 155°C due to stale pre-cd8bfd7 plume-revert logs. Phase 1.5 structural gap documented."
cfast_twofloor_r0_peak_temp_upper_c,True,True,A_PRIORI,no heuristic triggered,472.38,,,100.0,800.0,,,"1.5C Stage-E: two-floor R0 peak temp_upper in [100,800]°C (CFAST ~170°C, SF ~456°C; margin 281°C). Fire-development guard."
cfast_twofloor_r0_peak_temp_timing,False,True,NON_GATING,required=False,200.0,300.0,120.0,,,0.833,0.400,1.5C: two-floor R0 peak temp timing within ±120s of CFAST.
cfast_multifuel_t60_temp_upper_c,True,True,A_PRIORI,no heuristic triggered,122.87,,,50.0,300.0,,,"CMV-3: multi-fuel temp_upper in [50.0,300.0]°C at t=60.0s."
cfast_multifuel_t120_temp_upper_c,True,True,A_PRIORI,no heuristic triggered,462.27,,,100.0,700.0,,,"CMV-3: multi-fuel temp_upper in [100.0,700.0]°C at t=120.0s."
cfast_multifuel_t180_temp_upper_c,True,True,A_PRIORI,no heuristic triggered,159.43,,,100.0,500.0,,,"CMV-3: multi-fuel temp_upper in [100.0,500.0]°C at t=180.0s."
cfast_multifuel_t120_hrr_above_350kw,True,True,A_PRIORI,no heuristic triggered,562.23,,,350.0,,,,"CMV-3: multi-fuel fire HRR > 350kW at t=120s (CFAST: 680kW, SF: 562kW)."
cfast_multifuel_t60_pressure_pa,False,True,NON_GATING,required=False,0.98,-0.139439,10.0,,,0.112,71.716,CMV-3/CMV-1: multi-fuel vented room pressure comparison (expected near-zero both).
cfast_multifuel_t120_pressure_pa,False,True,NON_GATING,required=False,3.75,-1.12982,10.0,,,0.488,8.851,CMV-3/CMV-1: multi-fuel vented room pressure comparison (expected near-zero both).
cfast_multifuel_rmse_temp_upper_c,True,True,A_PRIORI,no heuristic triggered,184.20992491181815,,,,200.0,,,"CMV-3 Stage-F: multi-fuel temp_upper RMSE ≤ 200°C (SF=189°C, margin 11°C). Phase 1.5 structural documented."
ghanekar_far_hall_o2_response_time_s,True,True,A_PRIORI,no heuristic triggered,220.583333333341,198.0,30.0,,,0.753,0.152,Ghanekar bedroom tests report initial hallway O2 response near 3.3 min.
ghanekar_no_temperature_cap,True,True,A_PRIORI,no heuristic triggered,0.0,0.0,0.0,,,,,
ghanekar_origin_peak_upper_temp_reasonable_c,True,True,A_PRIORI,no heuristic triggered,640.055483846594,,,450.0,650.0,,,
ghanekar_flashover_0_9m_known_gap,False,False,NON_GATING,required=False,,186.0,30.0,,,6.200,0.161,"Non-gating empirical flashover-height gap reopened by fresh 2026-06-05 run: origin peak upper temp remains reasonable, but the 0.9 m 600C threshold no longer crosses in the current vertical interpolation."
ghanekar_far_hall_co_known_gap,False,True,NON_GATING,required=False,202.750000000006,204.0,45.0,,,0.028,0.221,Known gap: CO/HCN toxic-gas chemistry is not calibrated to the Ghanekar paper.
ghanekar_kitchen_far_hall_o2_response_s,True,True,A_PRIORI,no heuristic triggered,365.166666666653,402.0,84.0,,,0.438,0.209,"Ghanekar kitchen/salon: first O2 drop in far hallway at 6.7 ± 1.4 min (Ghanekar 2026 §5.3). Phase 2 complete — check passes (373s ∈ [318,486])."
ghanekar_kitchen_far_hall_fed_0_3_s,True,True,CONSERVATION,keyword 'residual',604.999999999996,546.0,515.0,,,0.115,0.943,Ghanekar kitchen/salon: FED=0.3 in far hallway at 9.1 ± 2.0 min. Phase 2 narrowed residual structural gap (one-zone vs two-zone CO transport): actual ≈ 600s vs exp=546s. tol=515s conservative bound retained.
ghanekar_kitchen_far_hall_fed_1_0_s,True,True,FITTED,|diff|/tol=0.925 > 0.85,740.583333333391,624.0,126.0,,,0.925,0.202,"Ghanekar kitchen/salon: FED=1.0 in far hallway at 10.4 ± 2.1 min. Phase 2 calibration closed gap (743.6s ∈ [498,750])."
ghanekar_kitchen_far_hall_idlh_co_s,True,True,A_PRIORI,no heuristic triggered,671.500000000026,642.0,102.0,,,0.289,0.159,"Ghanekar kitchen/salon: CO IDLH (1200 ppm) in far hallway at 10.7 ± 1.7 min. Phase 2 calibration closed gap (684.4s ∈ [540,744])."
ghanekar_kitchen_fire_room_flashover_s,False,False,NON_GATING,required=False,813.583333333424,894.0,30.0,,,2.681,0.034,Non-gating empirical flashover timing gap reopened by fresh 2026-06-05 run: current LivingRoom flashover is early relative to Ghanekar 14.9 ± 0.5 min; O2/FED/CO far-hall checks remain required and pass.
c_balance_high_phi_global_carbon_preclamp_excess_kg,True,True,CONSERVATION,keyword 'c_balance',16.318541370847,,,1.0,,,,El caso rico debe activar el diagnóstico de exceso solicitado antes del clamp
c_balance_high_phi_peak_global_carbon_transport_residual_kg_abs,True,True,CONSERVATION,keyword 'c_balance',0.000136251323823444,,,,0.02,,,El clamp químico no debe aparecer falsamente como pérdida de transporte
c_balance_high_phi_room_0_peak_c_balance_frac,True,True,CONSERVATION,keyword 'c_balance',1.0,,,,1.05,,,Conservación de C: fracción post-clamp siempre ≤ 1 (SF-AUD-032)
c_balance_high_phi_room_0_peak_co2_ppm,True,True,CONSERVATION,keyword 'c_balance',13606.3545411062,,,5000.0,,,,CO2 significativo: combustión real ocurrió
c_balance_high_phi_room_0_peak_co_ppm,True,True,CONSERVATION,keyword 'c_balance',3846.38611646243,,,1000.0,20000.0,,,CO elevado (subventilado) pero acotado por el balance de C
c_balance_high_phi_room_0_peak_hrr_kw,True,True,CONSERVATION,keyword 'c_balance',1235.24783363311,,,500.0,,,,HRR alto: condiciones de subventilación alcanzadas
char_layer_loi_wood_room_0_final_dominant_fuel_object_remaining_MJ,True,True,A_PRIORI,no heuristic triggered,649.126265836958,,,300.0,890.0,,,Regression baseline: char_layer_loi_wood
char_layer_loi_wood_room_0_max_fuel_objects_flaming_count,True,True,A_PRIORI,no heuristic triggered,1,,,1.0,,,,Regression baseline: char_layer_loi_wood
char_layer_loi_wood_room_0_peak_hrr_kw,True,True,A_PRIORI,no heuristic triggered,703.641522956898,,,350.0,1500.0,,,Regression baseline: char_layer_loi_wood
char_layer_loi_wood_room_0_peak_temp_upper_c,True,True,A_PRIORI,no heuristic triggered,637.656825655085,,,350.0,950.0,,,Regression baseline: char_layer_loi_wood
co_oxidation_post_flashover_room_0_peak_co2_ppm,True,True,A_PRIORI,no heuristic triggered,10169.5408431689,,,5000.0,,,,Regression baseline: co_oxidation_post_flashover
co_oxidation_post_flashover_room_0_peak_co_upper_ppm,True,True,A_PRIORI,no heuristic triggered,36882.3635202216,,,12000.0,40000.0,,,Regression baseline: co_oxidation_post_flashover
co_oxidation_post_flashover_room_0_peak_hrr_kw,True,True,A_PRIORI,no heuristic triggered,1239.18791533029,,,800.0,,,,Regression baseline: co_oxidation_post_flashover
co_oxidation_post_flashover_room_0_peak_temp_upper_c,True,True,A_PRIORI,no heuristic triggered,634.946579239748,,,400.0,,,,Regression baseline: co_oxidation_post_flashover
conservation_transport_conservation_max_violation_frac,True,True,CONSERVATION,keyword 'conservation',0.0,,,,1e-05,,,SF-R6 Phase 3: residual de conservacion de transporte. Valor observado ~1.25e-12 (FP noise). Umbral 1e-5 = 1000x sobre ruido FP pero 10x bajo el umbral de warning (1e-4).
energy_budget_living_room_room_0_final_bud_e_fire_kj,True,True,VACUOUS,actual=26.3 >> 5.0× min=0.1,26.274308743898,,,0.1,,,,Regression baseline: energy_budget_living_room
energy_budget_living_room_room_0_final_bud_residual_frac,True,True,CONSERVATION,keyword 'residual',0.0655490109557104,,,,0.1,,,Regression baseline: energy_budget_living_room
energy_budget_living_room_room_0_peak_hrr_kw,True,True,A_PRIORI,no heuristic triggered,1218.48289347279,,,300.0,,,,Regression baseline: energy_budget_living_room
energy_budget_living_room_room_0_peak_temp_upper_c,True,True,A_PRIORI,no heuristic triggered,725.023961607015,,,150.0,,,,Regression baseline: energy_budget_living_room
energy_budget_living_room_smoke_generated_total_kg,True,True,VACUOUS,actual=6.04 >> 5.0× min=0.5,6.04262498992275,,,0.5,,,,Regression baseline: energy_budget_living_room
hrr_tabulated_curve_sofa_room_0_final_dominant_fuel_object_remaining_MJ,True,True,A_PRIORI,no heuristic triggered,1634.77021210364,,,500.0,,,,Regression baseline: hrr_tabulated_curve_sofa
hrr_tabulated_curve_sofa_room_0_peak_co2_ppm,True,True,A_PRIORI,no heuristic triggered,11266.7402294099,,,5000.0,,,,Regression baseline: hrr_tabulated_curve_sofa
hrr_tabulated_curve_sofa_room_0_peak_hrr_kw,True,True,A_PRIORI,no heuristic triggered,1235.24783362761,,,700.0,2000.0,,,Regression baseline: hrr_tabulated_curve_sofa
hrr_tabulated_curve_sofa_room_0_peak_temp_upper_c,True,True,A_PRIORI,no heuristic triggered,763.493331931351,,,400.0,900.0,,,Regression baseline: hrr_tabulated_curve_sofa
pvc_curtain_hcl_release_room_0_peak_hrr_kw,True,True,A_PRIORI,no heuristic triggered,718.490917266297,,,200.0,,,,Regression baseline: pvc_curtain_hcl_release
pvc_curtain_hcl_release_room_0_peak_temp_upper_c,True,True,A_PRIORI,no heuristic triggered,655.002706525053,,,150.0,,,,Regression baseline: pvc_curtain_hcl_release
pvc_curtain_hcl_release_time_room_0_fec_above_0_2_s,True,True,VACUOUS,actual=52.4 << max=590/5.0,52.4166666666671,,,30.0,590.0,,,Regression baseline: pvc_curtain_hcl_release
pvc_curtain_hcl_release_time_room_0_hcl_ppm_above_200_s,True,True,VACUOUS,actual=54.4 << max=580/5.0,54.4166666666671,,,50.0,580.0,,,Regression baseline: pvc_curtain_hcl_release
mediterraneo_concrete_wall_conduction_room_0_final_wall_T_mid_c,True,True,A_PRIORI,no heuristic triggered,32.8019616142803,,,21.5,,,,Regression baseline: mediterraneo_concrete_wall_conduction
mediterraneo_concrete_wall_conduction_room_0_final_wall_T_outer_c,True,True,A_PRIORI,no heuristic triggered,21.8671245336218,,,20.2,,,,Regression baseline: mediterraneo_concrete_wall_conduction
mediterraneo_concrete_wall_conduction_room_0_peak_hrr_kw,True,True,A_PRIORI,no heuristic triggered,1050.81381112165,,,600.0,,,,Regression baseline: mediterraneo_concrete_wall_conduction
mediterraneo_concrete_wall_conduction_room_0_peak_temp_upper_c,True,True,A_PRIORI,no heuristic triggered,420.178213523447,,,250.0,,,,Regression baseline: mediterraneo_concrete_wall_conduction
mediterraneo_concrete_wall_conduction_time_room_0_wall_mid_above_21c_s,True,True,A_PRIORI,no heuristic triggered,276.08333333334,,,220.0,580.0,,,Regression baseline: mediterraneo_concrete_wall_conduction
mediterraneo_concrete_wall_conduction_time_room_0_wall_outer_above_20c_s,True,True,A_PRIORI,no heuristic triggered,361.333333333321,,,320.0,590.0,,,Regression baseline: mediterraneo_concrete_wall_conduction
ranch_radiation_target_ignition_room_0_peak_hrr_kw,True,True,A_PRIORI,no heuristic triggered,1601.324093757,,,400.0,,,,Regression baseline: ranch_radiation_target_ignition
ranch_radiation_target_ignition_room_0_peak_temp_upper_c,True,True,A_PRIORI,no heuristic triggered,603.978282662011,,,200.0,,,,Regression baseline: ranch_radiation_target_ignition
ranch_radiation_target_ignition_max_ceiling_jet_minus_upper_temp_c,True,True,A_PRIORI,no heuristic triggered,60.0221335648131,,,15.0,,,,Regression baseline: ranch_radiation_target_ignition
ranch_radiation_target_ignition_target_target_0_peak_qnet_kw_m2,True,True,A_PRIORI,no heuristic triggered,14.6781851103402,,,3.0,,,,Regression baseline: ranch_radiation_target_ignition
bv031_t2_growth_pure_time_hrr_above_1000_kw_s,True,True,A_PRIORI,no heuristic triggered,150.916666666666,,,136.0,166.0,,,Regression baseline: bv031_t2_growth_pure
flashover_simple_house_room_0_peak_hrr_kw,True,True,A_PRIORI,no heuristic triggered,1218.48289347279,,,1000.0,,,,Regression baseline: flashover_simple_house
flashover_simple_house_room_0_peak_temp_upper_c,True,True,A_PRIORI,no heuristic triggered,725.023961607015,,,600.0,,,,Regression baseline: flashover_simple_house
flashover_simple_house_time_room_0_l150_below_0_5m_s,True,True,A_PRIORI,no heuristic triggered,142.416666666665,,,80.0,250.0,,,Regression baseline: flashover_simple_house
flashover_simple_house_time_room_0_l150_below_1_8m_s,True,True,A_PRIORI,no heuristic triggered,70.5000000000004,,,40.0,200.0,,,Regression baseline: flashover_simple_house
glass_break_window_spike_room_0_final_outside_open_path_factor,True,True,A_PRIORI,no heuristic triggered,0.85,,,0.3,,,,Regression baseline: glass_break_window_spike
glass_break_window_spike_room_0_peak_temp_upper_c,True,True,A_PRIORI,no heuristic triggered,583.817563184284,,,280.0,,,,Regression baseline: glass_break_window_spike
glass_break_window_spike_time_room_0_glass_broke_s,True,True,A_PRIORI,no heuristic triggered,53.6666666666671,,,30.0,200.0,,,Regression baseline: glass_break_window_spike
glass_break_window_spike_time_room_0_temp_above_250c_s,True,True,A_PRIORI,no heuristic triggered,53.0000000000004,,,30.0,200.0,,,Regression baseline: glass_break_window_spike
kitchen_grease_pool_fire_room_1_peak_hrr_kw,True,True,VACUOUS,actual=884 >> 5.0× min=80,884.12531876042,,,80.0,,,,Regression baseline: kitchen_grease_pool_fire
kitchen_grease_pool_fire_room_1_peak_temp_upper_c,True,True,VACUOUS,actual=633 >> 5.0× min=80,633.018822056732,,,80.0,,,,Regression baseline: kitchen_grease_pool_fire
kitchen_grease_pool_fire_smoke_generated_total_kg,True,True,VACUOUS,actual=10.1 >> 5.0× min=0.3,10.0761240588233,,,0.3,,,,Regression baseline: kitchen_grease_pool_fire
kitchen_grease_pool_fire_time_room_2_smoke_start_s,True,True,VACUOUS,actual=42 >> 5.0× min=5,42.0000000000001,,,5.0,400.0,,,Regression baseline: kitchen_grease_pool_fire
v2_sealed_room_o2_depletion_opening_event_0_time_s,True,True,A_PRIORI,no heuristic triggered,300.000000000002,300.0,5.0,,,0.000,0.017,Regression baseline: v2_sealed_room_o2_depletion
v2_sealed_room_o2_depletion_room_0_final_o2,True,True,A_PRIORI,no heuristic triggered,0.156861232255066,,,0.13,,,,Regression baseline: v2_sealed_room_o2_depletion
v2_sealed_room_o2_depletion_room_0_final_retained_unburned_MJ,True,True,VACUOUS,actual=0.0513 << max=0.5/5.0,0.0513270900785547,,,,0.5,,,Regression baseline: v2_sealed_room_o2_depletion
v2_sealed_room_o2_depletion_room_0_peak_hrr_kw,True,True,A_PRIORI,no heuristic triggered,1377.65352328709,,,1300.0,,,,Regression baseline: v2_sealed_room_o2_depletion
v2_sealed_room_o2_depletion_room_0_peak_temp_upper_c,True,True,A_PRIORI,no heuristic triggered,509.103245605726,,,300.0,,,,Regression baseline: v2_sealed_room_o2_depletion
v2_sealed_room_o2_depletion_time_room_0_o2_below_13pct_s,True,True,A_PRIORI,no heuristic triggered,196.500000000005,200.5,30.0,,,0.133,0.150,Regression baseline: v2_sealed_room_o2_depletion
v2_sealed_room_o2_depletion_time_room_0_o2_below_18pct_s,True,True,A_PRIORI,no heuristic triggered,129.333333333331,131.25,25.0,,,0.077,0.190,Regression baseline: v2_sealed_room_o2_depletion
v5_ventilation_hrr_spike_room_0_peak_co_upper_ppm,True,True,A_PRIORI,no heuristic triggered,1932.04636189437,,,500.0,,,,Regression baseline: v5_ventilation_hrr_spike
v5_ventilation_hrr_spike_room_0_peak_hrr_kw,True,True,A_PRIORI,no heuristic triggered,1795.14329721362,,,950.0,,,,Regression baseline: v5_ventilation_hrr_spike
v5_ventilation_hrr_spike_time_room_0_hrr_above_1000_post_vent_s,True,True,A_PRIORI,no heuristic triggered,213.08333333334,205.5,10.0,,,0.758,0.049,Regression baseline: v5_ventilation_hrr_spike
v5_ventilation_hrr_spike_time_room_0_l150_below_1_8m_s,True,True,A_PRIORI,no heuristic triggered,108.833333333332,109.5,10.0,,,0.067,0.091,Regression baseline: v5_ventilation_hrr_spike
tmp_r2_window_open_start_room_0_final_hrr_kw,True,True,VACUOUS,actual=166 >> 5.0× min=25,166.123143892771,,,25.0,,,,Regression baseline: tmp_r2_window_open_start
tmp_r2_window_open_start_room_0_final_o2,True,True,A_PRIORI,no heuristic triggered,0.0422982576934141,,,0.01,0.1,,,Phase 2C: secondary ignition depletes O2 in R0 to ~0.042 (O2u=0.0004). Severely depleted is expected behavior post-flashover. Old min 0.108 (above extinction threshold) was wrong.
tmp_r2_window_open_start_room_0_final_outside_open_path_factor,True,True,A_PRIORI,no heuristic triggered,0.405,,,0.35,0.5,,,Regression baseline: tmp_r2_window_open_start
tmp_r2_window_open_start_room_1_peak_temp_upper_c,True,True,A_PRIORI,no heuristic triggered,404.118800757967,404.0,60.0,,,0.002,0.149,Phase 2C: secondary ignition at t~510s pushes R1 upper to 404C. Normal-growth peak was ~207C at t=120 (consistent with old 203+-30). Secondary ignition is the dominant driver.
tmp_r2_window_open_start_room_2_final_fed,True,True,A_PRIORI,no heuristic triggered,1.93559167679207,,,1.0,4.0,,,"Phase 2C: CO correctly placed in upper zones flows R0->R1->R2 via hallway; combined with high temperature (97C) and CO2, FED accumulates to 1.94 over 600s. Old max 0.10 assumed near-ambient conditions."
tmp_r2_window_open_start_room_2_final_smoke_kg,True,True,VACUOUS,actual=0.00977 >> 5.0× min=0.001,0.0097727281277219,,,0.001,0.12,,,"Phase 2C: open window in R2 to outside (opening_overrides a=2,b=-1) vents smoke out (MdotVent~0.19 kg/s). Smoke stays low (0.01 kg). Old min 0.20 was wrong for ventilated room."
tmp_r2_window_open_start_room_2_final_temp_at_1_8m_c,True,True,A_PRIORI,no heuristic triggered,96.727683934269,95.0,20.0,,,0.086,0.211,Phase 2C: R2 lower zone heated to ~97C at t=600 by sustained heat flow from R1 hallway (T>200C for >300s). Old: 20.5+-6C (ambient) was physically impossible given R1-R2 door connection.
tmp_r2_window_open_start_room_2_peak_co2_ppm,True,True,A_PRIORI,no heuristic triggered,17789.9766246948,,,6000.0,22000.0,,,Regression baseline: tmp_r2_window_open_start
tmp_r2_window_open_start_room_2_peak_temp_upper_c,True,True,A_PRIORI,no heuristic triggered,157.018560370236,155.0,30.0,,,0.067,0.194,Phase 2C: secondary ignition at t~510s heats R2 upper to 157C via hallway connection. Old: 65+-20C (calibrated without secondary ignition).
secondary_ignition_demo_room_0_min_l150_m,True,True,A_PRIORI,no heuristic triggered,0.171307687687563,,,,0.5,,,La capa 150C en salon debe descender a menos de 0.5m (realismo de capa). Observado 0.16m.
secondary_ignition_demo_room_0_peak_temp_upper_c,True,True,A_PRIORI,no heuristic triggered,725.023961607015,,,500.0,,,,El salon debe superar flashover (>600C). Observado 697C.
secondary_ignition_demo_room_1_max_fuel_objects_flaming_count,False,True,NON_GATING,required=False,2,,,1.0,,,,Al menos 1 objeto en estado FLAMING en pasillo (auto-ignicion confirmada). Observado 2.
secondary_ignition_demo_room_1_max_fuel_objects_pyrolyzing_count,True,True,A_PRIORI,no heuristic triggered,3,,,1.0,,,,Al menos 1 objeto en estado PYROLYZING en pasillo (pirolisis Tewarson activa).
secondary_ignition_demo_room_1_peak_hrr_kw,False,True,NON_GATING,required=False,345.572382313856,,,50.0,,,,El incendio secundario en pasillo debe desarrollarse. Observado 310 kW.
secondary_ignition_demo_room_1_peak_temp_upper_c,True,True,A_PRIORI,no heuristic triggered,321.658104183718,,,150.0,,,,La capa superior del pasillo debe superar 200C para activar pirolisis. Observado 332C.
secondary_ignition_demo_time_room_1_hrr_above_20_s,True,True,A_PRIORI,no heuristic triggered,212.58333333334,,,,600.0,,,El pasillo debe ignitar antes de t=600s. Observado 222s.
compact_apartment_smoke_room_0_peak_hrr_kw,True,True,A_PRIORI,no heuristic triggered,871.565351580081,,,400.0,,,,Regression baseline: compact_apartment_smoke
compact_apartment_smoke_room_0_peak_temp_upper_c,True,True,A_PRIORI,no heuristic triggered,804.086417768218,,,250.0,,,,Regression baseline: compact_apartment_smoke
compact_apartment_smoke_smoke_generated_total_kg,True,True,A_PRIORI,no heuristic triggered,5.841194180175,,,2.0,,,,Regression baseline: compact_apartment_smoke
compact_apartment_smoke_time_room_1_smoke_start_s,True,True,A_PRIORI,no heuristic triggered,81.5833333333331,,,20.0,300.0,,,Regression baseline: compact_apartment_smoke
compact_apartment_smoke_time_room_2_smoke_start_s,True,True,A_PRIORI,no heuristic triggered,149.833333333333,,,30.0,400.0,,,Regression baseline: compact_apartment_smoke
piso_mediterraneo_smoke_room_0_peak_hrr_kw,True,True,A_PRIORI,no heuristic triggered,1060.9392271916,,,500.0,,,,Regression baseline: piso_mediterraneo_smoke
piso_mediterraneo_smoke_room_0_peak_temp_upper_c,True,True,A_PRIORI,no heuristic triggered,786.733783343399,,,280.0,,,,Regression baseline: piso_mediterraneo_smoke
piso_mediterraneo_smoke_smoke_generated_total_kg,True,True,A_PRIORI,no heuristic triggered,11.7787301893202,,,4.0,,,,Regression baseline: piso_mediterraneo_smoke
piso_mediterraneo_smoke_time_room_1_smoke_start_s,True,True,VACUOUS,actual=119 >> 5.0× min=20,119.499999999998,,,20.0,300.0,,,Regression baseline: piso_mediterraneo_smoke
piso_mediterraneo_smoke_time_room_2_co_above_200_s,True,True,VACUOUS,actual=119 << max=680/5.0,118.833333333331,,,100.0,680.0,,,Regression baseline: piso_mediterraneo_smoke
piso_mediterraneo_smoke_time_room_2_smoke_start_s,True,True,VACUOUS,actual=65.8 << max=400/5.0,65.833333333334,,,30.0,400.0,,,Regression baseline: piso_mediterraneo_smoke
two_bed_apartment_smoke_room_0_peak_hrr_kw,True,True,A_PRIORI,no heuristic triggered,867.534009253831,,,450.0,,,,Regression baseline: two_bed_apartment_smoke
two_bed_apartment_smoke_room_0_peak_temp_upper_c,True,True,A_PRIORI,no heuristic triggered,821.022257458644,,,260.0,,,,Regression baseline: two_bed_apartment_smoke
two_bed_apartment_smoke_smoke_generated_total_kg,True,True,A_PRIORI,no heuristic triggered,9.27273316668582,,,3.0,,,,Regression baseline: two_bed_apartment_smoke
two_bed_apartment_smoke_time_room_1_smoke_start_s,True,True,VACUOUS,actual=122 >> 5.0× min=20,122.249999999997,,,20.0,300.0,,,Regression baseline: two_bed_apartment_smoke
two_bed_apartment_smoke_time_room_2_smoke_start_s,True,True,A_PRIORI,no heuristic triggered,87.2499999999994,,,30.0,400.0,,,Regression baseline: two_bed_apartment_smoke
two_bed_apartment_smoke_time_room_4_smoke_start_s,True,True,A_PRIORI,no heuristic triggered,245.75000000001,,,60.0,600.0,,,Regression baseline: two_bed_apartment_smoke
three_bed_apartment_smoke_room_0_peak_hrr_kw,True,True,A_PRIORI,no heuristic triggered,907.468370510547,,,200.0,,,,Regression baseline: three_bed_apartment_smoke
three_bed_apartment_smoke_room_0_peak_temp_upper_c,True,True,A_PRIORI,no heuristic triggered,549.037470111288,,,120.0,,,,Regression baseline: three_bed_apartment_smoke
three_bed_apartment_smoke_smoke_generated_total_kg,True,True,VACUOUS,actual=10.6 >> 5.0× min=2,10.6433420940191,,,2.0,,,,Regression baseline: three_bed_apartment_smoke
three_bed_apartment_smoke_time_room_1_smoke_start_s,True,True,VACUOUS,actual=115 >> 5.0× min=5,114.999999999998,,,5.0,400.0,,,Regression baseline: three_bed_apartment_smoke
three_bed_apartment_smoke_time_room_2_smoke_start_s,True,True,VACUOUS,actual=83.7 << max=550/5.0,83.6666666666663,,,20.0,550.0,,,Regression baseline: three_bed_apartment_smoke
uk_bungalow_smoke_room_0_peak_hrr_kw,True,True,A_PRIORI,no heuristic triggered,869.372618110411,,,500.0,,,,Regression baseline: uk_bungalow_smoke
uk_bungalow_smoke_room_0_peak_temp_upper_c,True,True,A_PRIORI,no heuristic triggered,744.488486111533,,,300.0,,,,Regression baseline: uk_bungalow_smoke
uk_bungalow_smoke_smoke_generated_total_kg,True,True,A_PRIORI,no heuristic triggered,11.2555320079437,,,5.0,,,,Regression baseline: uk_bungalow_smoke
uk_bungalow_smoke_time_room_0_l150_below_1_8m_s,True,True,VACUOUS,actual=115 << max=680/5.0,114.916666666665,,,50.0,680.0,,,Regression baseline: uk_bungalow_smoke
uk_bungalow_smoke_time_room_2_smoke_start_s,True,True,A_PRIORI,no heuristic triggered,78.7499999999999,,,20.0,350.0,,,Regression baseline: uk_bungalow_smoke
ranch_family_house_smoke_room_0_peak_hrr_kw,True,True,VACUOUS,actual=1.23e+03 >> 5.0× min=200,1227.38751143569,,,200.0,,,,Regression baseline: ranch_family_house_smoke
ranch_family_house_smoke_room_0_peak_temp_upper_c,True,True,VACUOUS,actual=758 >> 5.0× min=120,758.466806513161,,,120.0,,,,Regression baseline: ranch_family_house_smoke
ranch_family_house_smoke_smoke_generated_total_kg,True,True,VACUOUS,actual=13.6 >> 5.0× min=2,13.5787271463179,,,2.0,,,,Regression baseline: ranch_family_house_smoke
ranch_family_house_smoke_time_room_1_smoke_start_s,True,True,VACUOUS,actual=60.2 >> 5.0× min=5,60.1666666666673,,,5.0,400.0,,,Regression baseline: ranch_family_house_smoke
ranch_family_house_smoke_time_room_4_smoke_start_s,True,True,VACUOUS,actual=168 >> 5.0× min=20,168.083333333335,,,20.0,600.0,,,Regression baseline: ranch_family_house_smoke
row_house_ground_floor_smoke_room_1_peak_hrr_kw,True,True,A_PRIORI,no heuristic triggered,852.792085062105,,,200.0,,,,Regression baseline: row_house_ground_floor_smoke
row_house_ground_floor_smoke_room_1_peak_temp_upper_c,True,True,VACUOUS,actual=878 >> 5.0× min=120,878.160573110491,,,120.0,,,,Regression baseline: row_house_ground_floor_smoke
row_house_ground_floor_smoke_smoke_generated_total_kg,True,True,A_PRIORI,no heuristic triggered,6.9331694064627,,,2.0,,,,Regression baseline: row_house_ground_floor_smoke
row_house_ground_floor_smoke_time_room_2_smoke_start_s,True,True,VACUOUS,actual=122 >> 5.0× min=5,121.666666666664,,,5.0,450.0,,,Regression baseline: row_house_ground_floor_smoke
row_house_ground_floor_smoke_time_room_3_smoke_start_s,True,True,VACUOUS,actual=77.2 << max=600/5.0,77.25,,,20.0,600.0,,,Regression baseline: row_house_ground_floor_smoke
two_storey_smoke_room_0_peak_hrr_kw,True,True,A_PRIORI,no heuristic triggered,1042.90346023103,,,400.0,,,,Regression baseline: two_storey_smoke
two_storey_smoke_room_upper_floor_vs_lower_floor_pressure_delta_pa,True,True,VACUOUS,actual=0.072 >> 5.0× min=0.01,0.0719702220681091,,,0.01,,,,Regression baseline: two_storey_smoke
two_storey_smoke_room_6_final_smoke_kg,True,True,VACUOUS,actual=0.11 >> 5.0× min=0.01,0.110238647132086,,,0.01,,,,Regression baseline: two_storey_smoke
two_storey_smoke_room_6_final_temp_upper_raw_c,True,True,VACUOUS,actual=69.7 << max=500/5.0,69.7017674459881,,,30.0,500.0,,,Regression baseline: two_storey_smoke
two_storey_smoke_room_7_final_smoke_kg,True,True,A_PRIORI,no heuristic triggered,0.167709774478375,,,0.05,,,,Regression baseline: two_storey_smoke
two_storey_smoke_room_7_final_temp_upper_raw_c,True,True,VACUOUS,actual=37.9 << max=250/5.0,37.871344587609,,,25.0,250.0,,,Regression baseline: two_storey_smoke
two_storey_smoke_time_room_7_smoke_start_s,True,True,VACUOUS,actual=200 >> 5.0× min=30,199.750000000005,,,30.0,270.0,,,Regression baseline: two_storey_smoke
two_storey_smoke_time_room_7_temp_above_40_s,True,True,VACUOUS,actual=196 >> 5.0× min=30,195.500000000005,,,30.0,280.0,,,Regression baseline: two_storey_smoke
two_storey_smoke_time_room_8_smoke_start_s,True,True,A_PRIORI,no heuristic triggered,272.333333333341,,,60.0,300.0,,,Regression baseline: two_storey_smoke
v4_co_remote_rooms_room_0_peak_hrr_kw,True,True,A_PRIORI,no heuristic triggered,670.895738248581,,,600.0,,,,Regression baseline: v4_co_remote_rooms
v4_co_remote_rooms_room_1_peak_co_upper_ppm,True,True,VACUOUS,actual=4.74e+04 >> 5.0× min=2e+03,47367.599497659,,,2000.0,,,,Regression baseline: v4_co_remote_rooms
v4_co_remote_rooms_room_2_peak_co_upper_ppm,True,True,VACUOUS,actual=1.62e+04 >> 5.0× min=1e+03,16246.2252125642,,,1000.0,,,,Regression baseline: v4_co_remote_rooms
v4_co_remote_rooms_time_room_1_co_upper_above_1200_s,True,True,A_PRIORI,no heuristic triggered,129.416666666664,140.25,20.0,,,0.542,0.143,Regression baseline: v4_co_remote_rooms
v4_co_remote_rooms_time_room_1_o2_below_18pct_s,True,True,A_PRIORI,no heuristic triggered,288.416666666671,287.75,10.0,,,0.067,0.035,Regression baseline: v4_co_remote_rooms
v4_co_remote_rooms_time_room_2_co_upper_above_200_s,True,True,A_PRIORI,no heuristic triggered,148.333333333333,152.25,30.0,,,0.131,0.197,Regression baseline: v4_co_remote_rooms
v6_spread_to_hallway_room_0_peak_hrr_kw,True,True,A_PRIORI,no heuristic triggered,1218.48289347279,,,1000.0,,,,Regression baseline: v6_spread_to_hallway
v6_spread_to_hallway_room_1_peak_temp_upper_c,True,True,A_PRIORI,no heuristic triggered,422.555963965341,,,200.0,,,,Regression baseline: v6_spread_to_hallway
v6_spread_to_hallway_time_room_0_l150_below_1_8m_s,True,True,A_PRIORI,no heuristic triggered,70.5000000000004,70.416667,10.0,,,0.008,0.142,Regression baseline: v6_spread_to_hallway
wind_assisted_exterior_spread_room_1_min_l150_m,True,True,A_PRIORI,no heuristic triggered,0.313547715878409,,,,1.0,,,hot gas layer descends well below head height
wind_assisted_exterior_spread_room_1_peak_hrr_kw,True,True,A_PRIORI,no heuristic triggered,864.050204919086,,,700.0,,,,wind-aided O2 supply drives strong fire
wind_assisted_exterior_spread_room_1_peak_temp_upper_c,True,True,A_PRIORI,no heuristic triggered,739.759292238945,,,450.0,,,,flashover-level temperature with wind 8 m/s
wind_assisted_exterior_spread_time_room_1_l150_below_1_8m_s,True,True,VACUOUS,actual=413 >> 5.0× min=50,413.416666666642,,,50.0,450.0,,,smoke layer descent driven by wind
wind_assisted_exterior_spread_time_room_2_smoke_start_s,True,True,A_PRIORI,no heuristic triggered,76.25,,,20.0,120.0,,,fast smoke spread to hallway
wind_assisted_exterior_spread_time_room_4_smoke_start_s,True,True,A_PRIORI,no heuristic triggered,140.333333333332,,,70.0,250.0,,,smoke reaches kitchen via hallway
layer150_tenability_room_0_final_layer_150c_m,False,True,NON_GATING,required=False,1.21042659432025,1.225133,0.2,,,0.074,0.163,Regression baseline: layer150_tenability
layer150_tenability_room_1_final_temp_at_1_8m_c,True,True,A_PRIORI,no heuristic triggered,99.9002485947382,104.932563,15.0,,,0.335,0.143,Regression baseline: layer150_tenability
layer150_tenability_room_1_min_l150_m,True,True,A_PRIORI,no heuristic triggered,1.71945340550138,1.672793,0.15,,,0.311,0.090,Regression baseline: layer150_tenability
v3_hallway_fed_exposure_room_0_peak_hrr_kw,True,True,A_PRIORI,no heuristic triggered,670.895738248581,698.298928,100.0,,,0.274,0.143,Regression baseline: v3_hallway_fed_exposure
v3_hallway_fed_exposure_room_1_max_fed,True,True,A_PRIORI,no heuristic triggered,2.211580437725,,,1.0,,,,Regression baseline: v3_hallway_fed_exposure
v3_hallway_fed_exposure_room_1_peak_temp_upper_c,True,True,A_PRIORI,no heuristic triggered,124.295605919167,,,100.0,,,,Regression baseline: v3_hallway_fed_exposure
v3_hallway_fed_exposure_smoke_generated_total_kg,True,True,A_PRIORI,no heuristic triggered,14.8150755448083,,,5.0,,,,Regression baseline: v3_hallway_fed_exposure
v3_hallway_fed_exposure_time_room_1_co_upper_above_1200_s,True,True,A_PRIORI,no heuristic triggered,129.416666666664,125.75,25.0,,,0.147,0.199,Regression baseline: v3_hallway_fed_exposure
v3_hallway_fed_exposure_time_room_1_fed_above_0_1_s,True,True,A_PRIORI,no heuristic triggered,249.833333333344,252.166666,30.0,,,0.078,0.119,Regression baseline: v3_hallway_fed_exposure
v3_hallway_fed_exposure_time_room_1_fed_above_0_3_s,True,True,A_PRIORI,no heuristic triggered,312.333333333332,315.916666,35.0,,,0.102,0.111,Regression baseline: v3_hallway_fed_exposure
v3_hallway_fed_exposure_time_room_1_smoke_start_s,True,True,A_PRIORI,no heuristic triggered,45.7500000000002,47.0,15.0,,,0.083,0.319,Regression baseline: v3_hallway_fed_exposure
v7_underventilated_co_peak_room_0_peak_co_upper_ppm,True,True,VACUOUS,actual=3.38e+04 >> 5.0× min=5e+03,33757.7832735375,,,5000.0,,,,Regression baseline: v7_underventilated_co_peak
v7_underventilated_co_peak_room_0_peak_hrr_kw,True,True,A_PRIORI,no heuristic triggered,705.050974821902,,,500.0,,,,Regression baseline: v7_underventilated_co_peak
v7_underventilated_co_peak_time_room_0_co_upper_above_5000_s,True,True,A_PRIORI,no heuristic triggered,177.000000000003,177.0,10.0,,,0.000,0.056,Regression baseline: v7_underventilated_co_peak
v7_underventilated_co_peak_time_room_0_o2_below_15pct_s,True,True,A_PRIORI,no heuristic triggered,164.666666666668,164.75,5.0,,,0.017,0.030,Regression baseline: v7_underventilated_co_peak
v7_underventilated_co_peak_time_room_0_o2_below_18pct_s,True,True,A_PRIORI,no heuristic triggered,128.499999999997,128.583333,5.0,,,0.017,0.039,Regression baseline: v7_underventilated_co_peak
pu_sofa_fec_incapacitation_room_0_peak_c_balance_frac,True,True,CONSERVATION,keyword 'c_balance',1.0,,,,1.05,,,PHY-C1: balance elemental de carbono (CO+CO2+HCN) vs C disponible en combustible. Siempre ≤1.0 post-clamp (SF-AUD-032). HCN yield PU incluido en balance. max=1.05 tolerancia diagnostica.
pu_sofa_fec_incapacitation_room_0_peak_hcn_upper_ppm,True,True,A_PRIORI,no heuristic triggered,1889.37251197457,,,500.0,,,,"PHY-C2: HCN en capa superior sala fuego (PU sofa, yield ~0.000154 kg/MJ). Min=500 ppm = bound Purser conservador (actual ~1889 ppm). Fuente: AUDITORIA_CALIBRACION_FED_HCN_2026-05-27.md."
pu_sofa_fec_incapacitation_room_0_peak_hrr_kw,True,True,A_PRIORI,no heuristic triggered,721.870528346605,,,300.0,,,,Regression baseline: pu_sofa_fec_incapacitation
pu_sofa_fec_incapacitation_room_0_peak_temp_upper_c,True,True,A_PRIORI,no heuristic triggered,652.082210082782,,,200.0,,,,Regression baseline: pu_sofa_fec_incapacitation
pu_sofa_fec_incapacitation_smoke_generated_total_kg,True,True,VACUOUS,actual=32.8 >> 5.0× min=3,32.798545555588,,,3.0,,,,Regression baseline: pu_sofa_fec_incapacitation
pu_sofa_fec_incapacitation_time_room_0_fec_above_0_1_s,True,True,VACUOUS,actual=58.8 << max=750/5.0,58.7500000000006,,,50.0,750.0,,,Regression baseline: pu_sofa_fec_incapacitation
pu_sofa_fec_incapacitation_time_room_0_fed_above_0_1_s,True,True,A_PRIORI,no heuristic triggered,253.416666666678,,,60.0,780.0,,,Regression baseline: pu_sofa_fec_incapacitation
pu_sofa_fec_incapacitation_time_room_1_fec_above_0_05_s,True,True,VACUOUS,actual=68.8 << max=780/5.0,68.7500000000005,,,20.0,780.0,,,Regression baseline: pu_sofa_fec_incapacitation
victim_fed_incapacitation_peak_co_ppm_global,True,True,A_PRIORI,no heuristic triggered,3381.9254822399,,,1500.0,,,,CO en sala de fuego por encima del umbral LC50/30min (~2300ppm) confirmado
victim_fed_incapacitation_room_0_peak_c_balance_frac,True,True,CONSERVATION,keyword 'c_balance',1.0,,,,1.05,,,PHY-C1: balance elemental de carbono (CO+CO2+HCN) vs C disponible en combustible. Siempre ≤1.0 post-clamp (SF-AUD-032). HCN yield PU incluido en balance. max=1.05 tolerancia diagnostica.
victim_fed_incapacitation_room_0_peak_hcn_upper_ppm,True,True,A_PRIORI,no heuristic triggered,2008.29829436015,,,500.0,,,,"PHY-C2: HCN en capa superior sala fuego (PU sofa, yield ~0.000154 kg/MJ). Min=500 ppm = bound Purser conservador (actual ~2008 ppm). Fuente: AUDITORIA_CALIBRACION_FED_HCN_2026-05-27.md."
victim_fed_incapacitation_room_0_peak_hrr_kw,True,True,A_PRIORI,no heuristic triggered,674.9566274896,682.185520419288,200.0,,,0.036,0.293,Regression baseline: victim_fed_incapacitation
victim_fed_incapacitation_smoke_generated_total_kg,True,True,A_PRIORI,no heuristic triggered,21.6078911257417,,,5.0,,,,Regression baseline: victim_fed_incapacitation
victim_fed_incapacitation_victim_v0_final_fed,True,True,A_PRIORI,no heuristic triggered,0.771535065823282,,,0.7,,,,Victima 0.9m sala fuego PU: FED ~0.98 a los 800s; confirma acumulacion FED via compute_fed_delta_for_height
postfire_decay_room_0_final_hot_layer_m,True,True,A_PRIORI,no heuristic triggered,1.81878670149936,1.985807,0.25,,,0.668,0.126,Regression baseline: postfire_decay
postfire_decay_room_0_final_hrr_kw,True,True,VACUOUS,actual=0 << max=400/5.0,0.0,,,,400.0,,,Regression baseline: postfire_decay
postfire_decay_room_0_final_smoke_kg,True,True,VACUOUS,actual=0.163 >> 5.0× min=0.03,0.163173088780555,,,0.03,0.35,,,Regression baseline: postfire_decay
postfire_decay_room_0_final_temp_at_1_8m_c,True,True,A_PRIORI,no heuristic triggered,20.7058600546503,20.740368,8.0,,,0.004,0.386,Regression baseline: postfire_decay
postfire_decay_room_0_peak_hrr_kw,True,True,A_PRIORI,no heuristic triggered,1218.74766097865,,,800.0,1500.0,,,Regression baseline: postfire_decay
postfire_decay_room_1_final_smoke_kg,True,True,A_PRIORI,no heuristic triggered,0.13022181395149,0.127451,0.015,,,0.185,0.118,Regression baseline: postfire_decay
postfire_decay_smoke_deposited_total_kg,True,True,A_PRIORI,no heuristic triggered,0.147519918154976,0.146603,0.022,,,0.042,0.150,Regression baseline: postfire_decay
postfire_decay_time_room_0_l150_below_1_8m_s,True,True,A_PRIORI,no heuristic triggered,70.5000000000004,70.416667,15.0,,,0.006,0.213,Regression baseline: postfire_decay
v1_backdraft_accumulation_opening_event_0_time_s,True,True,A_PRIORI,no heuristic triggered,340.083333333326,340.083333,5.0,,,0.000,0.015,Regression baseline: v1_backdraft_accumulation
v1_backdraft_accumulation_room_0_final_retained_unburned_MJ,True,True,VACUOUS,actual=0.00127 << max=0.5/5.0,0.00127156266345928,,,,0.5,,,Regression baseline: v1_backdraft_accumulation
v1_backdraft_accumulation_room_0_peak_hrr_kw,True,True,A_PRIORI,no heuristic triggered,2036.90084242082,,,1200.0,,,,Regression baseline: v1_backdraft_accumulation
v1_backdraft_accumulation_room_0_peak_temp_upper_c,True,True,A_PRIORI,no heuristic triggered,703.811239033007,,,300.0,,,,Regression baseline: v1_backdraft_accumulation
v1_backdraft_accumulation_time_room_0_hrr_above_400_post_vent_s,True,True,A_PRIORI,no heuristic triggered,340.083333333326,363.5,30.0,,,0.781,0.083,Regression baseline: v1_backdraft_accumulation
v1_backdraft_accumulation_time_room_0_o2_below_13pct_s,True,True,A_PRIORI,no heuristic triggered,281.833333333339,302.75,30.0,,,0.697,0.099,Regression baseline: v1_backdraft_accumulation
v8_suppression_reburn_room_0_peak_co_upper_ppm,True,True,A_PRIORI,no heuristic triggered,1706.48853793048,,,1600.0,,,,Regression baseline: v8_suppression_reburn
v8_suppression_reburn_room_0_peak_hrr_kw,True,True,A_PRIORI,no heuristic triggered,1746.19148060956,,,1000.0,,,,Regression baseline: v8_suppression_reburn
v8_suppression_reburn_suppression_water_applied_l,True,True,A_PRIORI,no heuristic triggered,95.0000000000001,,,80.0,,,,Regression baseline: v8_suppression_reburn
v8_suppression_reburn_time_room_0_hrr_above_100_post_window_s,True,True,VACUOUS,actual=300 >> 5.0× min=1,300.000000000002,,,1.0,,,,Regression baseline: v8_suppression_reburn
ul_exterior_water_knockdown_room_0_final_hrr_kw,True,True,A_PRIORI,no heuristic triggered,221.4341706541,,,,260.0,,,Regression baseline: ul_exterior_water_knockdown
ul_exterior_water_knockdown_room_0_final_temp_at_1_8m_c,True,True,A_PRIORI,no heuristic triggered,57.4936297482393,,,,60.0,,,Regression baseline: ul_exterior_water_knockdown
ul_exterior_water_knockdown_suppression_cooling_total_kj,True,True,A_PRIORI,no heuristic triggered,90249.9999999999,,,85000.0,95000.0,,,Regression baseline: ul_exterior_water_knockdown
ul_exterior_water_knockdown_suppression_water_applied_l,True,True,A_PRIORI,no heuristic triggered,95.0000000000001,95.0,0.1,,,0.000,0.001,Regression baseline: ul_exterior_water_knockdown
ul_exterior_water_knockdown_time_room_0_temp_1_8m_below_150c_after_suppression_s,True,True,A_PRIORI,no heuristic triggered,172.333333333335,,,170.0,180.0,,,Regression baseline: ul_exterior_water_knockdown
ppv_attack_pressurized_room_0_final_smoke_kg,True,True,VACUOUS,actual=0.0318 << max=0.5/5.0,0.0317653270664438,,,0.0,0.5,,,Regression baseline: ppv_attack_pressurized
ppv_attack_pressurized_room_0_peak_hrr_kw,True,True,A_PRIORI,no heuristic triggered,2554.8669511076,,,1500.0,3500.0,,,Regression baseline: ppv_attack_pressurized
ppv_attack_pressurized_room_0_peak_temp_upper_c,True,True,A_PRIORI,no heuristic triggered,628.468665764261,,,500.0,900.0,,,Regression baseline: ppv_attack_pressurized
ppv_attack_pressurized_room_1_final_smoke_kg,True,True,VACUOUS,actual=0.0146 << max=0.2/5.0,0.0146294869411696,,,0.0,0.2,,,Regression baseline: ppv_attack_pressurized
ppv_attack_pressurized_time_room_0_smoke_below_0_05kg_after_suppression_s,True,True,A_PRIORI,no heuristic triggered,215.83333333334,,,210.0,400.0,,,Regression baseline: ppv_attack_pressurized
ppv_attack_pressurized_time_room_1_smoke_below_0_1kg_after_ppv_s,True,True,A_PRIORI,no heuristic triggered,418.749999999975,,,215.0,500.0,,,Regression baseline: ppv_attack_pressurized
living_room_hallway_room_0_final_layer_150c_m,True,True,VACUOUS,tol/|expected|=0.702 > 0.5,0.208805434597705,0.213764,0.15,,,0.033,0.702,Regression baseline: living_room_hallway
living_room_hallway_room_1_final_temp_at_1_8m_c,True,True,A_PRIORI,no heuristic triggered,120.521491949402,122.534751,15.0,,,0.134,0.122,Regression baseline: living_room_hallway
living_room_hallway_room_1_min_l150_m,True,True,A_PRIORI,no heuristic triggered,1.68409046655082,1.672793,0.2,,,0.056,0.120,Regression baseline: living_room_hallway
living_room_hallway_room_1_peak_temp_upper_c,False,True,NON_GATING,required=False,335.371308551856,349.191257,25.0,,,0.553,0.072,Regression baseline: living_room_hallway
living_room_hallway_time_room_0_smoke_layer_2m_s,True,True,A_PRIORI,no heuristic triggered,24.5833333333333,24.75,8.0,,,0.021,0.323,Regression baseline: living_room_hallway
living_room_hallway_time_room_1_smoke_start_s,True,True,A_PRIORI,no heuristic triggered,38.0833333333333,39.416667,8.0,,,0.167,0.203,Regression baseline: living_room_hallway
confinement_open_close_opening_event_0_time_s,True,True,A_PRIORI,no heuristic triggered,200.000000000005,200.0,5.0,,,0.000,0.025,Regression baseline: confinement_open_close
confinement_open_close_opening_event_1_time_s,True,True,A_PRIORI,no heuristic triggered,550.083333333304,550.083333,5.0,,,0.000,0.009,Regression baseline: confinement_open_close
confinement_open_close_room_0_final_hrr_kw,False,True,NON_GATING,required=False,67.1733370403838,62.532601,5.0,,,0.928,0.080,Regression baseline: confinement_open_close
confinement_open_close_room_0_final_o2,True,True,A_PRIORI,no heuristic triggered,0.111508787493429,0.113254,0.02,,,0.087,0.177,Regression baseline: confinement_open_close
confinement_open_close_room_0_final_smoke_kg,True,True,A_PRIORI,no heuristic triggered,1.09966514678163,1.154722,0.3,,,0.184,0.260,Regression baseline: confinement_open_close
confinement_open_close_room_0_peak_hrr_kw,True,True,A_PRIORI,no heuristic triggered,1724.89470608987,,,1500.0,,,,Regression baseline: confinement_open_close
confinement_open_close_smoke_deposited_total_kg,True,True,VACUOUS,actual=6.1e-05 << max=0.5/5.0,6.10465225767579e-05,,,,0.5,,,Regression baseline: confinement_open_close
confinement_open_close_smoke_vented_total_kg,True,True,VACUOUS,actual=28.1 >> 5.0× min=0.5,28.1281592597481,,,0.5,,,,Regression baseline: confinement_open_close
g1_gie_confinement_attack_room_0_peak_hrr_kw,True,True,A_PRIORI,no heuristic triggered,1130.14764926595,,,1000.0,,,,Regression baseline: g1_gie_confinement_attack
g1_gie_confinement_attack_suppression_water_applied_l,True,True,A_PRIORI,no heuristic triggered,95.0000000000001,,,80.0,,,,Regression baseline: g1_gie_confinement_attack
g1_gie_confinement_attack_time_room_0_hrr_below_50_post_attack_s,True,True,VACUOUS,actual=320 >> 5.0× min=1,320.08333333333,,,1.0,,,,Regression baseline: g1_gie_confinement_attack
g1_gie_confinement_attack_time_room_0_l150_below_1_8m_s,True,True,A_PRIORI,no heuristic triggered,88.9999999999993,89.0,5.0,,,0.000,0.056,Regression baseline: g1_gie_confinement_attack
g2_gie_transitional_attack_room_0_peak_hrr_kw,True,True,A_PRIORI,no heuristic triggered,1757.79946767237,,,1000.0,,,,Regression baseline: g2_gie_transitional_attack
g2_gie_transitional_attack_suppression_water_applied_l,True,True,A_PRIORI,no heuristic triggered,95.0000000000001,,,80.0,,,,Regression baseline: g2_gie_transitional_attack
g2_gie_transitional_attack_time_room_0_hrr_below_100_post_attack_s,True,True,VACUOUS,actual=209 >> 5.0× min=1,208.666666666673,,,1.0,,,,Regression baseline: g2_gie_transitional_attack
g2_gie_transitional_attack_time_room_0_l150_below_1_8m_s,True,True,A_PRIORI,no heuristic triggered,70.5000000000004,70.416667,5.0,,,0.017,0.071,Regression baseline: g2_gie_transitional_attack
g2_gie_transitional_attack_time_room_0_temp_1_8m_below_150c_post_attack_s,True,True,VACUOUS,actual=203 >> 5.0× min=1,202.583333333339,,,1.0,,,,Regression baseline: g2_gie_transitional_attack
g4_gie_delayed_entry_hazard_room_1_peak_co_upper_ppm,True,True,VACUOUS,actual=6.27e+04 >> 5.0× min=2e+03,62716.8945546626,,,2000.0,,,,Regression baseline: g4_gie_delayed_entry_hazard
g4_gie_delayed_entry_hazard_room_1_peak_temp_upper_c,True,True,A_PRIORI,no heuristic triggered,422.555963965341,,,200.0,,,,Regression baseline: g4_gie_delayed_entry_hazard
g4_gie_delayed_entry_hazard_time_room_1_co_upper_above_1200_s,True,True,A_PRIORI,no heuristic triggered,85.5833333333328,87.333333,5.0,,,0.350,0.057,Regression baseline: g4_gie_delayed_entry_hazard
g4_gie_delayed_entry_hazard_time_room_1_fed_above_0_1_s,True,True,A_PRIORI,no heuristic triggered,198.416666666672,197.75,10.0,,,0.067,0.051,"Phase 2C: CO is now correctly placed in the upper zone (co_upper_kg = co_kg during fire-active collapse). Lower-zone CO at breathing height is near 0, so FED accumulation is slower and the threshold is reached later than the old well-mixed-style expectation (169 s → 197.75 s)."
g4_gie_delayed_entry_hazard_time_room_1_temp_upper_above_100c_s,True,True,A_PRIORI,no heuristic triggered,70.416666666667,70.833333,5.0,,,0.083,0.071,Regression baseline: g4_gie_delayed_entry_hazard
g3_gie_ppv_post_knockdown_room_0_peak_hrr_kw,True,True,A_PRIORI,no heuristic triggered,2078.37210538102,,,1000.0,,,,Regression baseline: g3_gie_ppv_post_knockdown
g3_gie_ppv_post_knockdown_room_1_peak_co_upper_ppm,True,True,VACUOUS,actual=1.16e+04 >> 5.0× min=2e+03,11556.3438106674,,,2000.0,,,,Regression baseline: g3_gie_ppv_post_knockdown
g3_gie_ppv_post_knockdown_suppression_water_applied_l,True,True,A_PRIORI,no heuristic triggered,95.0000000000001,,,80.0,,,,Regression baseline: g3_gie_ppv_post_knockdown
g3_gie_ppv_post_knockdown_time_room_1_smoke_below_0_1kg_post_vent_s,True,True,A_PRIORI,no heuristic triggered,369.916666666652,369.9,3.0,,,0.006,0.008,Regression baseline: g3_gie_ppv_post_knockdown
tc_array_iso9705_room_0_final_smoke_layer_m,True,True,A_PRIORI,no heuristic triggered,1.99110907480875,,,1.0,2.4,,,Regression baseline: tc_array_iso9705
tc_array_iso9705_room_0_final_temp_at_0_1m_c,True,True,A_PRIORI,no heuristic triggered,50.7367869378815,,,20.0,100.0,,,Regression baseline: tc_array_iso9705
tc_array_iso9705_room_0_final_temp_at_0_5m_c,True,True,VACUOUS,actual=54.2 << max=500/5.0,54.2321181100942,,,30.0,500.0,,,Regression baseline: tc_array_iso9705
tc_array_iso9705_room_0_final_temp_at_1_0m_c,True,True,VACUOUS,actual=54.2 << max=500/5.0,54.2321181100942,,,30.0,500.0,,,Regression baseline: tc_array_iso9705
tc_array_iso9705_room_0_final_temp_at_1_5m_c,True,True,VACUOUS,actual=54.2 << max=500/5.0,54.2321181100942,,,30.0,500.0,,,Regression baseline: tc_array_iso9705
tc_array_iso9705_room_0_final_temp_at_1_8m_c,True,True,VACUOUS,actual=313 >> 5.0× min=30,312.525526441244,,,30.0,500.0,,,Regression baseline: tc_array_iso9705
tc_array_iso9705_room_0_final_temp_at_2_2m_c,True,True,A_PRIORI,no heuristic triggered,440.311340317072,,,120.0,500.0,,,Regression baseline: tc_array_iso9705
